totalOperations,36
expansions,reached,frontier,maxDepth
1000,4665,3665,19
2000,8809,6809,20
3000,12999,9999,22
4000,17166,13166,24
5000,21434,16434,24
6000,25324,19324,24
7000,29166,22166,24
8000,33102,25102,24
9000,37298,28298,24
10000,41380,31380,24
11000,45466,34466,25
12000,49546,37546,26
13000,53509,40509,26
14000,57107,43107,28
15000,61007,46007,28
16000,64958,48958,28
17000,68968,51968,28
18000,72806,54806,28
19000,76886,57886,28
20000,81043,61043,28
21000,85084,64084,28
22000,89027,67027,28
23000,93157,70157,28
24000,96791,72791,28
25000,100356,75356,28
26000,104380,78380,28
27000,108371,81371,28
28000,112275,84275,28
29000,116038,87038,28
30000,119938,89938,28
31000,123749,92749,28
32000,127565,95565,28
33000,131377,98377,28
34000,135166,101166,28
35000,139013,104013,28
36000,142880,106880,28
37000,146719,109719,28
38000,150569,112569,28
39000,154435,115435,28
40000,158303,118303,28
41000,162168,121168,28
42000,166200,124200,28
43000,170033,127033,28
44000,173771,129771,28
45000,177294,132294,28
46000,181189,135189,28
47000,185211,138211,28
48000,189329,141329,28
49000,193372,144372,28
50000,197179,147179,28
51000,201054,150054,28
52000,204943,152943,28
53000,208901,155901,28
54000,212464,158464,28
55000,216362,161362,28
56000,220271,164271,28
57000,223846,166846,28
58000,227438,169438,28
59000,231290,172290,28
60000,235102,175102,28
61000,238954,177954,28
62000,242784,180784,28
63000,246653,183653,28
64000,250019,186019,28
65000,253631,188631,28
66000,257367,191367,28
67000,261311,194311,28
68000,265146,197146,28
69000,268917,199917,28
70000,272597,202597,28
71000,276355,205355,28
72000,280098,208098,28
73000,284005,211005,28
74000,287946,213946,28
75000,291539,216539,28
76000,294927,218927,28
77000,298785,221785,28
78000,302549,224549,28
79000,306516,227516,28
80000,310391,230391,28
81000,314517,233517,28
82000,318425,236425,28
83000,322241,239241,28
84000,326340,242340,28
85000,330453,245453,28
86000,334138,248138,28
87000,337728,250728,28
88000,341698,253698,28
89000,345549,256549,28
90000,349336,259336,28
91000,353214,262214,28
92000,356727,264727,28
93000,360249,267249,28
94000,363113,269113,29
95000,366541,271541,29
96000,369843,273843,29
97000,373259,276259,29
98000,376678,278678,29
99000,380611,281611,29
100000,384328,284328,29
101000,388312,287312,29
102000,391989,289989,29
103000,395594,292594,29
104000,399233,295233,29
105000,402806,297806,29
106000,406202,300202,29
107000,409477,302477,29
108000,412623,304623,29
109000,415949,306949,29
110000,419255,309255,29
111000,422824,311824,29
112000,426250,314250,29
113000,430065,317065,29
114000,433426,319426,29
115000,436612,321612,29
116000,440265,324265,29
117000,444000,327000,29
118000,447211,329211,29
119000,450574,331574,29
120000,453741,333741,29
121000,456782,335782,29
122000,460385,338385,29
123000,463734,340734,29
124000,467471,343471,29
125000,470621,345621,29
126000,473690,347690,29
127000,477111,350111,29
128000,480584,352584,29
129000,483520,354520,29
130000,486118,356118,29
131000,488879,357879,29
132000,492481,360481,29
133000,495648,362648,29
134000,498958,364958,29
135000,501935,366935,29
136000,505129,369129,29
137000,509118,372118,29
138000,512496,374496,29
139000,515610,376610,29
140000,518679,378679,29
141000,521802,380802,29
142000,524620,382620,29
143000,527374,384374,29
144000,530415,386415,29
145000,533708,388708,29
146000,536869,390869,29
147000,540010,393010,29
148000,543273,395273,29
149000,546640,397640,29
150000,549887,399887,29
151000,553686,402686,29
152000,557570,405570,29
153000,561411,408411,29
154000,565250,411250,29
155000,569187,414187,29
156000,573115,417115,29
157000,577108,420108,29
158000,580837,422837,29
159000,584974,425974,29
160000,588857,428857,29
161000,592658,431658,29
162000,596493,434493,29
163000,600654,437654,29
164000,604669,440669,29
165000,608461,443461,29
166000,611974,445974,29
167000,615757,448757,29
168000,619567,451567,29
169000,623397,454397,29
170000,627157,457157,29
171000,631098,460098,29
172000,634876,462876,29
173000,638840,465840,29
174000,642765,468765,29
175000,646789,471789,29
176000,650675,474675,29
177000,654483,477483,29
178000,658244,480244,29
179000,661837,482837,29
180000,665448,485448,29
181000,668986,487986,29
182000,672869,490869,29
183000,676735,493735,29
184000,680536,496536,29
185000,684302,499302,29
186000,688064,502064,29
187000,691791,504791,29
188000,695565,507565,29
189000,699334,510334,29
190000,703208,513208,29
191000,707250,516250,29
192000,711070,519070,29
193000,714895,521895,29
194000,718593,524593,29
195000,722035,527035,29
196000,725645,529645,29
197000,729389,532389,29
198000,733145,535145,29
199000,736995,537995,29
200000,740590,540590,29
201000,744367,543367,29
202000,748120,546120,29
203000,751584,548584,29
204000,755295,551295,29
205000,758943,553943,29
206000,762465,556465,29
207000,765830,558830,29
208000,769559,561559,29
209000,772992,563992,29
210000,776224,566224,29
211000,779592,568592,29
212000,783059,571059,29
213000,786287,573287,29
214000,789454,575454,29
215000,792721,577721,29
216000,795766,579766,29
217000,798730,581730,29
218000,801691,583691,29
219000,804451,585451,29
220000,807046,587046,29
221000,810320,589320,29
222000,813933,591933,29
223000,817588,594588,29
224000,821298,597298,29
225000,825002,600002,29
226000,828746,602746,29
227000,832584,605584,29
228000,836199,608199,29
229000,839972,610972,29
230000,843754,613754,29
231000,847290,616290,29
232000,850892,618892,29
233000,854633,621633,29
234000,858221,624221,29
235000,861584,626584,29
236000,865352,629352,29
237000,868938,631938,29
238000,872302,634302,29
239000,875714,636714,29
240000,879261,639261,29
241000,882421,641421,29
242000,885838,643838,29
243000,888863,645863,29
244000,891993,647993,29
245000,895181,650181,29
246000,899106,653106,29
247000,902968,655968,29
248000,906590,658590,29
249000,909823,660823,29
250000,913408,663408,29
251000,917120,666120,29
252000,920756,668756,29
253000,924198,671198,29
254000,927544,673544,29
255000,930828,675828,29
256000,933946,677946,29
257000,937056,680056,29
258000,939831,681831,29
259000,942506,683506,29
260000,945241,685241,29
261000,949179,688179,29
262000,952742,690742,29
263000,956428,693428,29
264000,959942,695942,29
265000,963458,698458,29
266000,967438,701438,29
267000,971282,704282,29
268000,974965,706965,29
269000,978540,709540,29
270000,982205,712205,29
271000,985885,714885,29
272000,989522,717522,29
273000,993075,720075,29
274000,996560,722560,29
275000,1000184,725184,30
276000,1003799,727799,30
277000,1007394,730394,30
278000,1010868,732868,30
279000,1014165,735165,30
280000,1017380,737380,30
281000,1020286,739286,30
282000,1023305,741305,30
283000,1025958,742958,30
284000,1028599,744599,30
285000,1031071,746071,30
286000,1033567,747567,30
287000,1036699,749699,30
288000,1040641,752641,30
289000,1044516,755516,30
290000,1048239,758239,30
291000,1051370,760370,30
292000,1055151,763151,30
293000,1058929,765929,30
294000,1062127,768127,30
295000,1065186,770186,30
296000,1068845,772845,30
297000,1072464,775464,30
298000,1075957,777957,30
299000,1079418,780418,30
300000,1082934,782934,30
301000,1086393,785393,30
302000,1089618,787618,30
303000,1092606,789606,30
304000,1096090,792090,30
305000,1099650,794650,30
306000,1103470,797470,30
307000,1107319,800319,30
308000,1111291,803291,30
309000,1115086,806086,30
310000,1119071,809071,30
311000,1123039,812039,30
312000,1126807,814807,30
313000,1130749,817749,30
314000,1134866,820866,30
315000,1138911,823911,30
316000,1142719,826719,30
317000,1146454,829454,30
318000,1150353,832353,30
319000,1154255,835255,30
320000,1158278,838278,30
321000,1162303,841303,30
322000,1166287,844287,30
323000,1170158,847158,30
324000,1173714,849714,30
325000,1177544,852544,30
326000,1181402,855402,30
327000,1185300,858300,30
328000,1189161,861161,30
329000,1193069,864069,30
330000,1197026,867026,30
331000,1200920,869920,30
332000,1204913,872913,30
333000,1208707,875707,30
334000,1212537,878537,30
335000,1215797,880797,30
336000,1219699,883699,30
337000,1223516,886516,30
338000,1227386,889386,30
339000,1231214,892214,30
340000,1235061,895061,30
341000,1238826,897826,30
342000,1242678,900678,30
343000,1246574,903574,30
344000,1250414,906414,30
345000,1254342,909342,30
346000,1257990,911990,30
347000,1261764,914764,30
348000,1265231,917231,30
349000,1268525,919525,30
350000,1272333,922333,30
351000,1276135,925135,30
352000,1279962,927962,30
353000,1283679,930679,30
354000,1287510,933510,30
355000,1291434,936434,30
356000,1295092,939092,30
357000,1298676,941676,30
358000,1302611,944611,30
359000,1306446,947446,30
360000,1310216,950216,30
361000,1314235,953235,30
362000,1317699,955699,30
363000,1321326,958326,30
364000,1324917,960917,30
365000,1328049,963049,30
366000,1331499,965499,30
367000,1335210,968210,30
368000,1338834,970834,30
369000,1342505,973505,30
370000,1346101,976101,30
371000,1349861,978861,30
372000,1353561,981561,30
373000,1357268,984268,30
374000,1360821,986821,30
375000,1364637,989637,30
376000,1368418,992418,30
377000,1372278,995278,30
378000,1376189,998189,30
379000,1379983,1000983,30
380000,1383677,1003677,30
381000,1387668,1006668,30
382000,1391528,1009528,30
383000,1395128,1012128,30
384000,1398806,1014806,30
385000,1402293,1017293,30
386000,1405956,1019956,30
387000,1409650,1022650,30
388000,1413393,1025393,30
389000,1417071,1028071,30
390000,1420875,1030875,30
391000,1424564,1033564,30
392000,1428232,1036232,30
393000,1431880,1038880,30
394000,1435586,1041586,30
395000,1439338,1044338,30
396000,1443073,1047073,30
397000,1446606,1049606,30
398000,1449923,1051923,30
399000,1453876,1054876,30
400000,1457364,1057364,30
401000,1460839,1059839,30
402000,1464349,1062349,30
403000,1467563,1064563,30
404000,1471148,1067148,30
405000,1474004,1069004,30
406000,1476832,1070832,30
407000,1480106,1073106,30
408000,1483606,1075606,30
409000,1487047,1078047,30
410000,1491029,1081029,30
411000,1494750,1083750,30
412000,1498469,1086469,30
413000,1502348,1089348,30
414000,1506354,1092354,30
415000,1510387,1095387,30
416000,1514330,1098330,30
417000,1518087,1101087,30
418000,1521711,1103711,30
419000,1525214,1106214,30
420000,1528855,1108855,30
421000,1532505,1111505,30
422000,1536114,1114114,30
423000,1539689,1116689,30
424000,1543526,1119526,30
425000,1546993,1121993,30
426000,1550547,1124547,30
427000,1554288,1127288,30
428000,1558057,1130057,30
429000,1561535,1132535,30
430000,1565275,1135275,30
431000,1568757,1137757,30
432000,1572351,1140351,30
433000,1576055,1143055,30
434000,1580105,1146105,30
435000,1583613,1148613,30
436000,1587412,1151412,30
437000,1590992,1153992,30
438000,1594644,1156644,30
439000,1598347,1159347,30
440000,1602120,1162120,30
441000,1606174,1165174,30
442000,1609970,1167970,30
443000,1613797,1170797,30
444000,1617410,1173410,30
445000,1621002,1176002,30
446000,1624684,1178684,30
447000,1628519,1181519,30
448000,1632473,1184473,30
449000,1636308,1187308,30
450000,1640058,1190058,30
451000,1643635,1192635,30
452000,1647260,1195260,30
453000,1650826,1197826,30
454000,1654640,1200640,30
455000,1658491,1203491,30
456000,1662176,1206176,30
457000,1665796,1208796,30
458000,1669232,1211232,30
459000,1672820,1213820,30
460000,1676418,1216418,30
461000,1680173,1219173,30
462000,1683679,1221679,30
463000,1687160,1224160,30
464000,1690604,1226604,30
465000,1694147,1229147,30
466000,1697595,1231595,30
467000,1700943,1233943,30
468000,1704339,1236339,30
469000,1707725,1238725,30
470000,1711041,1241041,30
471000,1714257,1243257,30
472000,1718021,1246021,30
473000,1721875,1248875,30
474000,1726024,1252024,30
475000,1729773,1254773,30
476000,1733079,1257079,30
477000,1736609,1259609,30
478000,1740734,1262734,30
479000,1744604,1265604,30
480000,1748232,1268232,30
481000,1751738,1270738,30
482000,1755108,1273108,30
483000,1758835,1275835,30
484000,1762118,1278118,30
485000,1765152,1280152,30
486000,1768722,1282722,30
487000,1772667,1285667,30
488000,1776772,1288772,30
489000,1780884,1291884,30
490000,1785017,1295017,30
491000,1789089,1298089,30
492000,1793135,1301135,30
493000,1797115,1304115,30
494000,1801047,1307047,30
495000,1804945,1309945,30
496000,1808681,1312681,30
497000,1812467,1315467,30
498000,1816024,1318024,30
499000,1819455,1320455,30
500000,1823058,1323058,30
501000,1826925,1325925,30
502000,1830682,1328682,30
503000,1834729,1331729,30
504000,1838694,1334694,30
505000,1842250,1337250,30
506000,1846040,1340040,30
507000,1849734,1342734,30
508000,1853251,1345251,30
509000,1857105,1348105,30
510000,1860693,1350693,30
511000,1864154,1353154,30
512000,1867825,1355825,30
513000,1871574,1358574,30
514000,1875314,1361314,30
515000,1879080,1364080,30
516000,1882642,1366642,30
517000,1886234,1369234,30
518000,1889784,1371784,30
519000,1893225,1374225,30
520000,1896475,1376475,30
521000,1899684,1378684,30
522000,1903064,1381064,30
523000,1906658,1383658,30
524000,1910655,1386655,30
525000,1914757,1389757,30
526000,1918865,1392865,30
527000,1922834,1395834,30
528000,1926846,1398846,30
529000,1930795,1401795,30
530000,1934711,1404711,30
531000,1938516,1407516,30
532000,1942100,1410100,30
533000,1945342,1412342,30
534000,1948773,1414773,30
535000,1952470,1417470,30
536000,1956327,1420327,30
537000,1960275,1423275,30
538000,1964215,1426215,30
539000,1968205,1429205,30
540000,1972083,1432083,30
541000,1976024,1435024,30
542000,1979996,1437996,30
543000,1983902,1440902,30
544000,1987776,1443776,30
545000,1991517,1446517,30
546000,1995287,1449287,30
547000,1999052,1452052,30
548000,2002709,1454709,30
549000,2006218,1457218,30
550000,2009658,1459658,30
551000,2012960,1461960,30
552000,2016306,1464306,30
553000,2019630,1466630,30
554000,2023067,1469067,30
555000,2026526,1471526,30
556000,2029941,1473941,30
557000,2033472,1476472,30
558000,2036971,1478971,30
559000,2040394,1481394,30
560000,2043626,1483626,30
561000,2047179,1486179,30
562000,2050933,1488933,30
563000,2054145,1491145,30
564000,2057597,1493597,30
565000,2060948,1495948,30
566000,2064334,1498334,30
567000,2067438,1500438,30
568000,2070988,1502988,30
569000,2074980,1505980,30
570000,2078115,1508115,30
571000,2081355,1510355,30
572000,2084735,1512735,30
573000,2088121,1515121,30
574000,2091481,1517481,30
575000,2094760,1519760,30
576000,2098001,1522001,30
577000,2101604,1524604,30
578000,2105469,1527469,30
579000,2108713,1529713,30
580000,2112069,1532069,30
581000,2115358,1534358,30
582000,2119018,1537018,30
583000,2122447,1539447,30
584000,2125767,1541767,30
585000,2128892,1543892,30
586000,2132135,1546135,30
587000,2135832,1548832,30
588000,2139288,1551288,30
589000,2142673,1553673,30
590000,2145935,1555935,30
591000,2149268,1558268,30
592000,2152770,1560770,30
593000,2155977,1562977,30
594000,2159307,1565307,30
595000,2162282,1567282,30
596000,2165883,1569883,30
597000,2169168,1572168,30
598000,2172365,1574365,30
599000,2175411,1576411,30
600000,2178845,1578845,30
601000,2182111,1581111,30
602000,2185214,1583214,30
603000,2188406,1585406,30
604000,2191627,1587627,30
605000,2194642,1589642,30
606000,2197796,1591796,30
607000,2201009,1594009,30
608000,2204126,1596126,30
609000,2207040,1598040,30
610000,2210160,1600160,30
611000,2213190,1602190,30
612000,2216369,1604369,30
613000,2220027,1607027,30
614000,2223684,1609684,30
615000,2227334,1612334,30
616000,2230779,1614779,30
617000,2234146,1617146,30
618000,2237612,1619612,30
619000,2240767,1621767,30
620000,2244022,1624022,30
621000,2247270,1626270,30
622000,2250518,1628518,30
623000,2254451,1631451,30
624000,2258037,1634037,30
625000,2261551,1636551,30
626000,2265598,1639598,30
627000,2269642,1642642,30
628000,2273597,1645597,30
629000,2277588,1648588,30
630000,2281605,1651605,30
631000,2285569,1654569,30
632000,2289335,1657335,30
633000,2293738,1660738,30
634000,2297780,1663780,30
635000,2301423,1666423,30
636000,2304741,1668741,30
637000,2308201,1671201,30
638000,2311656,1673656,30
639000,2315133,1676133,30
640000,2318569,1678569,30
641000,2322152,1681152,30
642000,2325509,1683509,30
643000,2329110,1686110,30
644000,2332707,1688707,30
645000,2336183,1691183,30
646000,2339459,1693459,30
647000,2343054,1696054,30
648000,2346733,1698733,30
649000,2350118,1701118,30
650000,2353705,1703705,30
651000,2357178,1706178,30
652000,2360781,1708781,30
653000,2364423,1711423,30
654000,2367847,1713847,30
655000,2371467,1716467,30
656000,2375031,1719031,30
657000,2378676,1721676,30
658000,2382073,1724073,30
659000,2385753,1726753,30
660000,2389337,1729337,30
661000,2392847,1731847,30
662000,2396436,1734436,30
663000,2399910,1736910,30
664000,2403409,1739409,30
665000,2406752,1741752,30
666000,2410263,1744263,30
667000,2414017,1747017,30
668000,2417822,1749822,30
669000,2421515,1752515,30
670000,2425057,1755057,30
671000,2428596,1757596,30
672000,2432032,1760032,30
673000,2435443,1762443,30
674000,2438767,1764767,30
675000,2442295,1767295,30
676000,2446023,1770023,30
677000,2450117,1773117,30
678000,2454224,1776224,30
679000,2458120,1779120,30
680000,2461564,1781564,30
681000,2464692,1783692,30
682000,2468365,1786365,30
683000,2471642,1788642,30
684000,2475322,1791322,30
685000,2478920,1793920,30
686000,2482610,1796610,30
687000,2486103,1799103,30
688000,2489831,1801831,30
689000,2493302,1804302,30
690000,2496706,1806706,30
691000,2500561,1809561,30
692000,2504081,1812081,30
693000,2507353,1814353,30
694000,2510916,1816916,30
695000,2514585,1819585,30
696000,2518024,1822024,30
697000,2521249,1824249,30
698000,2524668,1826668,30
699000,2528313,1829313,30
700000,2531671,1831671,30
701000,2534891,1833891,30
702000,2538092,1836092,30
703000,2541519,1838519,30
704000,2544924,1840924,30
705000,2548038,1843038,30
706000,2551274,1845274,30
707000,2554520,1847520,30
708000,2557628,1849628,30
709000,2560680,1851680,30
710000,2563597,1853597,30
711000,2567027,1856027,30
712000,2570353,1858353,30
713000,2573541,1860541,30
714000,2576899,1862899,30
715000,2579994,1864994,30
716000,2583416,1867416,30
717000,2586384,1869384,30
718000,2589870,1871870,30
719000,2592807,1873807,30
720000,2596053,1876053,30
721000,2599315,1878315,30
722000,2602279,1880279,30
723000,2605518,1882518,30
724000,2608472,1884472,30
725000,2611401,1886401,30
726000,2614073,1888073,30
727000,2616841,1889841,30
728000,2620345,1892345,30
729000,2623606,1894606,30
730000,2627491,1897491,30
731000,2631005,1900005,30
732000,2634168,1902168,30
733000,2637516,1904516,30
734000,2641326,1907326,30
735000,2644921,1909921,30
736000,2648185,1912185,30
737000,2651169,1914169,30
738000,2654216,1916216,30
739000,2657343,1918343,30
740000,2660919,1920919,30
741000,2664294,1923294,30
742000,2667375,1925375,30
743000,2670426,1927426,30
744000,2673600,1929600,30
745000,2676673,1931673,30
746000,2679887,1933887,30
747000,2683137,1936137,30
748000,2686627,1938627,30
749000,2689975,1940975,30
750000,2693350,1943350,30
751000,2696826,1945826,30
752000,2700276,1948276,30
753000,2703767,1950767,30
754000,2707173,1953173,30
755000,2710657,1955657,30
756000,2714134,1958134,30
757000,2717613,1960613,30
758000,2721223,1963223,30
759000,2724518,1965518,30
760000,2728011,1968011,30
761000,2731546,1970546,30
762000,2735213,1973213,30
763000,2738792,1975792,30
764000,2742406,1978406,30
765000,2745785,1980785,30
766000,2749295,1983295,30
767000,2752731,1985731,30
768000,2756211,1988211,30
769000,2759544,1990544,30
770000,2762953,1992953,30
771000,2766506,1995506,30
772000,2770043,1998043,30
773000,2773748,2000748,30
774000,2777423,2003423,30
775000,2781014,2006014,30
776000,2784532,2008532,30
777000,2788010,2011010,30
778000,2791530,2013530,30
779000,2795146,2016146,30
780000,2798541,2018541,30
781000,2801934,2020934,30
782000,2805360,2023360,30
783000,2808793,2025793,30
784000,2812208,2028208,30
785000,2815813,2030813,30
786000,2819139,2033139,30
787000,2822685,2035685,30
788000,2826439,2038439,30
789000,2830011,2041011,30
790000,2833616,2043616,30
791000,2837150,2046150,30
792000,2840721,2048721,30
793000,2844344,2051344,30
794000,2847748,2053748,30
795000,2851226,2056226,30
796000,2854536,2058536,30
797000,2857960,2060960,30
798000,2861331,2063331,30
799000,2864777,2065777,30
800000,2868254,2068254,30
801000,2871595,2070595,30
802000,2875090,2073090,30
803000,2878557,2075557,30
804000,2881886,2077886,30
805000,2885190,2080190,30
806000,2888480,2082480,30
807000,2891921,2084921,30
808000,2895304,2087304,30
809000,2898829,2089829,30
810000,2902363,2092363,30
811000,2906125,2095125,30
812000,2909710,2097710,30
813000,2913101,2100101,30
814000,2917034,2103034,30
815000,2920577,2105577,30
816000,2923751,2107751,30
817000,2927953,2110953,30
818000,2931740,2113740,30
819000,2935711,2116711,30
820000,2939030,2119030,30
821000,2942561,2121561,30
822000,2946291,2124291,30
823000,2949844,2126844,30
824000,2953243,2129243,30
825000,2956619,2131619,30
826000,2960435,2134435,30
827000,2964166,2137166,30
828000,2967788,2139788,30
829000,2971253,2142253,30
830000,2975118,2145118,30
831000,2979126,2148126,30
832000,2982586,2150586,30
833000,2986408,2153408,30
834000,2990419,2156419,30
835000,2994226,2159226,30
836000,2997928,2161928,30
837000,3001813,2164813,30
838000,3005531,2167531,30
839000,3009210,2170210,30
840000,3012840,2172840,30
841000,3016362,2175362,30
842000,3019937,2177937,30
843000,3023110,2180110,30
844000,3026502,2182502,30
845000,3029645,2184645,30
846000,3032605,2186605,30
847000,3036245,2189245,30
848000,3039729,2191729,30
849000,3043044,2194044,30
850000,3046897,2196897,30
851000,3050447,2199447,30
852000,3054513,2202513,30
853000,3058064,2205064,30
854000,3061666,2207666,30
855000,3065796,2210796,30
856000,3069746,2213746,30
857000,3073256,2216256,30
858000,3077290,2219290,30
859000,3080864,2221864,30
860000,3084735,2224735,30
861000,3088584,2227584,30
862000,3092751,2230751,30
863000,3096871,2233871,30
864000,3100667,2236667,30
865000,3104266,2239266,30
866000,3107890,2241890,30
867000,3111938,2244938,30
868000,3116099,2248099,30
869000,3120193,2251193,30
870000,3124189,2254189,30
871000,3127895,2256895,30
872000,3131569,2259569,30
873000,3135611,2262611,30
874000,3139276,2265276,30
875000,3142677,2267677,30
876000,3145915,2269915,30
877000,3149629,2272629,30
878000,3153485,2275485,30
879000,3157222,2278222,30
880000,3160899,2280899,30
881000,3164290,2283290,30
882000,3167934,2285934,30
883000,3171496,2288496,30
884000,3175248,2291248,30
885000,3178675,2293675,30
886000,3181612,2295612,30
887000,3185116,2298116,30
888000,3188333,2300333,30
889000,3191768,2302768,30
890000,3194838,2304838,30
891000,3198165,2307165,30
892000,3201272,2309272,30
893000,3205020,2312020,30
894000,3209051,2315051,30
895000,3213245,2318245,30
896000,3217232,2321232,30
897000,3221224,2324224,30
898000,3225034,2327034,30
899000,3229014,2330014,30
900000,3232462,2332462,30
901000,3236321,2335321,30
902000,3240171,2338171,30
903000,3243847,2340847,30
904000,3247374,2343374,30
905000,3250626,2345626,30
906000,3254400,2348400,30
907000,3257722,2350722,30
908000,3260729,2352729,30
909000,3264563,2355563,30
910000,3268426,2358426,30
911000,3272101,2361101,30
912000,3275235,2363235,30
913000,3278720,2365720,30
914000,3282859,2368859,30
915000,3286589,2371589,30
916000,3290004,2374004,30
917000,3293599,2376599,30
918000,3297174,2379174,30
919000,3300992,2381992,30
920000,3304660,2384660,30
921000,3308241,2387241,30
922000,3312099,2390099,30
923000,3315861,2392861,30
924000,3319017,2395017,30
925000,3323061,2398061,30
926000,3326721,2400721,30
927000,3330391,2403391,30
928000,3333861,2405861,30
929000,3337171,2408171,30
930000,3340745,2410745,30
931000,3344498,2413498,30
932000,3348071,2416071,30
933000,3351613,2418613,30
934000,3355164,2421164,30
935000,3358621,2423621,30
936000,3362011,2426011,30
937000,3365948,2428948,30
938000,3369677,2431677,30
939000,3373029,2434029,30
940000,3376614,2436614,30
941000,3380647,2439647,30
942000,3384529,2442529,30
943000,3388034,2445034,30
944000,3391669,2447669,30
945000,3395078,2450078,30
946000,3398450,2452450,30
947000,3401649,2454649,30
948000,3404656,2456656,30
949000,3407717,2458717,30
950000,3411067,2461067,30
951000,3414214,2463214,30
952000,3416815,2464815,30
953000,3420098,2467098,30
954000,3423162,2469162,30
955000,3426845,2471845,30
956000,3430520,2474520,30
957000,3433863,2476863,30
958000,3436812,2478812,30
959000,3440428,2481428,30
960000,3443902,2483902,30
961000,3447265,2486265,30
962000,3450633,2488633,30
963000,3454197,2491197,30
964000,3457955,2493955,30
965000,3461664,2496664,30
966000,3465391,2499391,30
967000,3468957,2501957,30
968000,3472227,2504227,30
969000,3475918,2506918,30
970000,3479776,2509776,30
971000,3483381,2512381,30
972000,3487198,2515198,30
973000,3491091,2518091,30
974000,3494978,2520978,30
975000,3498854,2523854,30
976000,3502889,2526889,30
977000,3506633,2529633,30
978000,3510447,2532447,30
979000,3514326,2535326,30
980000,3518354,2538354,30
981000,3522233,2541233,30
982000,3526245,2544245,30
983000,3530144,2547144,30
984000,3534216,2550216,30
985000,3538049,2553049,30
986000,3542067,2556067,30
987000,3545948,2558948,30
988000,3549740,2561740,30
989000,3553731,2564731,30
990000,3557359,2567359,30
991000,3561198,2570198,30
992000,3564766,2572766,30
993000,3568417,2575417,30
994000,3571850,2577850,30
995000,3575121,2580121,30
996000,3578353,2582353,30
997000,3582265,2585265,30
998000,3586010,2588010,30
999000,3589772,2590772,30
1000000,3593370,2593370,30
1001000,3596885,2595885,30
1002000,3600507,2598507,30
1003000,3603989,2600989,30
1004000,3607469,2603469,30
1005000,3611005,2606005,30
1006000,3614293,2608293,30
1007000,3617807,2610807,30
1008000,3621192,2613192,30
1009000,3624468,2615468,30
1010000,3627741,2617741,30
1011000,3630866,2619866,30
1012000,3633970,2621970,30
1013000,3636810,2623810,30
1014000,3639644,2625644,30
1015000,3643727,2628727,30
1016000,3647250,2631250,30
1017000,3651063,2634063,30
1018000,3654813,2636813,30
1019000,3658597,2639597,30
1020000,3662104,2642104,30
1021000,3665929,2644929,30
1022000,3669356,2647356,30
1023000,3673032,2650032,30
1024000,3676545,2652545,30
1025000,3679837,2654837,30
1026000,3683407,2657407,30
1027000,3686846,2659846,30
1028000,3689955,2661955,30
1029000,3693269,2664269,30
1030000,3696642,2666642,30
1031000,3699649,2668649,30
1032000,3702772,2670772,30
1033000,3705836,2672836,30
1034000,3708657,2674657,30
1035000,3711467,2676467,30
1036000,3714062,2678062,30
1037000,3717019,2680019,30
1038000,3720670,2682670,30
1039000,3724203,2685203,30
1040000,3727565,2687565,30
1041000,3730731,2689731,30
1042000,3733814,2691814,30
1043000,3736712,2693712,30
1044000,3739485,2695485,30
1045000,3743176,2698176,30
1046000,3746773,2700773,30
1047000,3750162,2703162,30
1048000,3753350,2705350,30
1049000,3756800,2707800,30
1050000,3760823,2710823,30
1051000,3764126,2713126,30
1052000,3767893,2715893,30
1053000,3771424,2718424,30
1054000,3775211,2721211,30
1055000,3778941,2723941,30
1056000,3782526,2726526,30
1057000,3785991,2728991,30
1058000,3789600,2731600,30
1059000,3792985,2733985,30
1060000,3796350,2736350,30
1061000,3799846,2738846,30
1062000,3803605,2741605,30
1063000,3807287,2744287,30
1064000,3810173,2746173,30
1065000,3813111,2748111,30
1066000,3816019,2750019,30
1067000,3818839,2751839,30
1068000,3821924,2753924,30
1069000,3825382,2756382,30
1070000,3829208,2759208,30
1071000,3833333,2762333,30
1072000,3837345,2765345,30
1073000,3841232,2768232,30
1074000,3844912,2770912,30
1075000,3848340,2773340,30
1076000,3851449,2775449,30
1077000,3854895,2777895,30
1078000,3858757,2780757,30
1079000,3862039,2783039,30
1080000,3865383,2785383,30
1081000,3868602,2787602,30
1082000,3871829,2789829,30
1083000,3874946,2791946,30
1084000,3878007,2794007,30
1085000,3880753,2795753,30
1086000,3884003,2798003,30
1087000,3887674,2800674,30
1088000,3891282,2803282,30
1089000,3894959,2805959,30
1090000,3898555,2808555,30
1091000,3902281,2811281,30
1092000,3905880,2813880,30
1093000,3909450,2816450,30
1094000,3913157,2819157,30
1095000,3916639,2821639,30
1096000,3920133,2824133,30
1097000,3923844,2826844,30
1098000,3927222,2829222,30
1099000,3930726,2831726,30
1100000,3934366,2834366,30
1101000,3937493,2836493,30
1102000,3941042,2839042,30
1103000,3944539,2841539,30
1104000,3947546,2843546,30
1105000,3951102,2846102,30
1106000,3954231,2848231,30
1107000,3957590,2850590,30
1108000,3960723,2852723,30
1109000,3963952,2854952,30
1110000,3968018,2858018,30
1111000,3972031,2861031,30
1112000,3975733,2863733,30
1113000,3979614,2866614,30
1114000,3983524,2869524,30
1115000,3987364,2872364,30
1116000,3991122,2875122,30
1117000,3994798,2877798,30
1118000,3998350,2880350,30
1119000,4001646,2882646,30
1120000,4005093,2885093,30
1121000,4008886,2887886,30
1122000,4012969,2890969,30
1123000,4016443,2893443,30
1124000,4020421,2896421,30
1125000,4024070,2899070,30
1126000,4027499,2901499,30
1127000,4031608,2904608,30
1128000,4035601,2907601,30
1129000,4039446,2910446,30
1130000,4043139,2913139,30
1131000,4046627,2915627,30
1132000,4050015,2918015,30
1133000,4054019,2921019,30
1134000,4057895,2923895,30
1135000,4061585,2926585,30
1136000,4064828,2928828,30
1137000,4068118,2931118,30
1138000,4071038,2933038,30
1139000,4074323,2935323,30
1140000,4077823,2937823,30
1141000,4081672,2940672,30
1142000,4085500,2943500,30
1143000,4089245,2946245,30
1144000,4092913,2948913,30
1145000,4096714,2951714,30
1146000,4100263,2954263,30
1147000,4103746,2956746,30
1148000,4107179,2959179,30
1149000,4110809,2961809,30
1150000,4114430,2964430,30
1151000,4118357,2967357,30
1152000,4122303,2970303,30
1153000,4125885,2972885,30
1154000,4129181,2975181,30
1155000,4132152,2977152,30
1156000,4135900,2979900,30
1157000,4139614,2982614,30
1158000,4143208,2985208,30
1159000,4146808,2987808,30
1160000,4150283,2990283,30
1161000,4153721,2992721,30
1162000,4157133,2995133,30
1163000,4160396,2997396,30
1164000,4163702,2999702,30
1165000,4166882,3001882,30
1166000,4170017,3004017,30
1167000,4173107,3006107,30
1168000,4176016,3008016,30
1169000,4179002,3010002,30
1170000,4181895,3011895,30
1171000,4184652,3013652,30
1172000,4187315,3015315,30
1173000,4189731,3016731,30
1174000,4193088,3019088,30
1175000,4196604,3021604,30
1176000,4200171,3024171,30
1177000,4203878,3026878,30
1178000,4207745,3029745,30
1179000,4211454,3032454,30
1180000,4215314,3035314,30
1181000,4218803,3037803,30
1182000,4222522,3040522,30
1183000,4226406,3043406,30
1184000,4230167,3046167,30
1185000,4233930,3048930,30
1186000,4237460,3051460,30
1187000,4241102,3054102,30
1188000,4244429,3056429,30
1189000,4247966,3058966,30
1190000,4251143,3061143,30
1191000,4254520,3063520,30
1192000,4257624,3065624,30
1193000,4260696,3067696,30
1194000,4263619,3069619,30
1195000,4266483,3071483,30
1196000,4269073,3073073,30
1197000,4272404,3075404,30
1198000,4275956,3077956,30
1199000,4279261,3080261,30
1200000,4282527,3082527,30
1201000,4285861,3084861,30
1202000,4288793,3086793,30
1203000,4291666,3088666,30
1204000,4295302,3091302,30
1205000,4298867,3093867,30
1206000,4302068,3096068,30
1207000,4305762,3098762,30
1208000,4309316,3101316,30
1209000,4312813,3103813,30
1210000,4316133,3106133,30
1211000,4319386,3108386,30
1212000,4322348,3110348,30
1213000,4325156,3112156,30
1214000,4327613,3113613,30
1215000,4330856,3115856,30
1216000,4334212,3118212,30
1217000,4337082,3120082,30
1218000,4339876,3121876,30
1219000,4343117,3124117,30
1220000,4346394,3126394,30
1221000,4349948,3128948,30
1222000,4353537,3131537,30
1223000,4357209,3134209,30
1224000,4360621,3136621,30
1225000,4364162,3139162,30
1226000,4367655,3141655,30
1227000,4370888,3143888,30
1228000,4374397,3146397,30
1229000,4377682,3148682,30
1230000,4380885,3150885,30
1231000,4384066,3153066,30
1232000,4387428,3155428,30
1233000,4390574,3157574,30
1234000,4393391,3159391,30
1235000,4396616,3161616,30
1236000,4399794,3163794,30
1237000,4402696,3165696,30
1238000,4405563,3167563,30
1239000,4408676,3169676,30
1240000,4411352,3171352,30
1241000,4414423,3173423,30
1242000,4417162,3175162,30
1243000,4419889,3176889,30
1244000,4423693,3179693,30
1245000,4427410,3182410,30
1246000,4430926,3184926,30
1247000,4434237,3187237,30
1248000,4437356,3189356,30
1249000,4440119,3191119,30
1250000,4442960,3192960,30
1251000,4446149,3195149,30
1252000,4449706,3197706,30
1253000,4453273,3200273,30
1254000,4457170,3203170,30
1255000,4460678,3205678,30
1256000,4464060,3208060,30
1257000,4467505,3210505,30
1258000,4470841,3212841,30
1259000,4474228,3215228,30
1260000,4477465,3217465,30
1261000,4480736,3219736,30
1262000,4484091,3222091,30
1263000,4487225,3224225,30
1264000,4490242,3226242,30
1265000,4493504,3228504,30
1266000,4496576,3230576,30
1267000,4499361,3232361,30
1268000,4502509,3234509,30
1269000,4505467,3236467,30
1270000,4508140,3238140,30
1271000,4510989,3239989,30
1272000,4513665,3241665,30
1273000,4516316,3243316,30
1274000,4518752,3244752,30
1275000,4521853,3246853,30
1276000,4525513,3249513,30
1277000,4529258,3252258,30
1278000,4532599,3254599,30
1279000,4536502,3257502,30
1280000,4539773,3259773,30
1281000,4543154,3262154,30
1282000,4546638,3264638,30
1283000,4549942,3266942,30
1284000,4553010,3269010,30
1285000,4555628,3270628,30
1286000,4557997,3271997,30
1287000,4561495,3274495,30
1288000,4564974,3276974,30
1289000,4568301,3279301,30
1290000,4571355,3281355,30
1291000,4573851,3282851,30
1292000,4577787,3285787,30
1293000,4581767,3288767,30
1294000,4585602,3291602,30
1295000,4589299,3294299,30
1296000,4592817,3296817,30
1297000,4596257,3299257,30
1298000,4599393,3301393,30
1299000,4603522,3304522,30
1300000,4607240,3307240,30
1301000,4611002,3310002,30
1302000,4614789,3312789,30
1303000,4618306,3315306,30
1304000,4621735,3317735,30
1305000,4625306,3320306,30
1306000,4628613,3322613,30
1307000,4631808,3324808,30
1308000,4634938,3326938,30
1309000,4638368,3329368,30
1310000,4642202,3332202,30
1311000,4645969,3334969,30
1312000,4649355,3337355,30
1313000,4652349,3339349,30
1314000,4655023,3341023,30
1315000,4659155,3344155,30
1316000,4663170,3347170,30
1317000,4666830,3349830,30
1318000,4670237,3352237,30
1319000,4673664,3354664,30
1320000,4677675,3357675,30
1321000,4681357,3360357,30
1322000,4684843,3362843,30
1323000,4688429,3365429,30
1324000,4692071,3368071,30
1325000,4695785,3370785,30
1326000,4698938,3372938,30
1327000,4702168,3375168,30
1328000,4705716,3377716,30
1329000,4709033,3380033,30
1330000,4712601,3382601,30
1331000,4715952,3384952,30
1332000,4719234,3387234,30
1333000,4721967,3388967,30
1334000,4725107,3391107,30
1335000,4728412,3393412,30
1336000,4731132,3395132,30
1337000,4734376,3397376,30
1338000,4737684,3399684,30
1339000,4740959,3401959,30
1340000,4744350,3404350,30
1341000,4748003,3407003,30
1342000,4751324,3409324,30
1343000,4754506,3411506,30
1344000,4758061,3414061,30
1345000,4761815,3416815,30
1346000,4765431,3419431,30
1347000,4768849,3421849,30
1348000,4772155,3424155,30
1349000,4775299,3426299,30
1350000,4778762,3428762,30
1351000,4782300,3431300,30
1352000,4785695,3433695,30
1353000,4789364,3436364,30
1354000,4793515,3439515,30
1355000,4797110,3442110,30
1356000,4801211,3445211,30
1357000,4804753,3447753,30
1358000,4808203,3450203,30
1359000,4811272,3452272,30
1360000,4814377,3454377,30
1361000,4817631,3456631,30
1362000,4820840,3458840,30
1363000,4824536,3461536,30
1364000,4827823,3463823,30
1365000,4831373,3466373,30
1366000,4834914,3468914,30
1367000,4838735,3471735,30
1368000,4842215,3474215,30
1369000,4846050,3477050,30
1370000,4849896,3479896,30
1371000,4853551,3482551,30
1372000,4856960,3484960,30
1373000,4860147,3487147,30
1374000,4863383,3489383,30
1375000,4867202,3492202,30
1376000,4870800,3494800,30
1377000,4874412,3497412,30
1378000,4877971,3499971,30
1379000,4881403,3502403,30
1380000,4884785,3504785,30
1381000,4888376,3507376,30
1382000,4891551,3509551,30
1383000,4895183,3512183,30
1384000,4898945,3514945,30
1385000,4902591,3517591,30
1386000,4906226,3520226,30
1387000,4909803,3522803,30
1388000,4913251,3525251,30
1389000,4916560,3527560,30
1390000,4919855,3529855,30
1391000,4923038,3532038,30
1392000,4926041,3534041,30
1393000,4928799,3535799,30
1394000,4931990,3537990,30
1395000,4936010,3541010,30
1396000,4939486,3543486,30
1397000,4943164,3546164,30
1398000,4946915,3548915,30
1399000,4950636,3551636,30
1400000,4954450,3554450,30
1401000,4958174,3557174,30
1402000,4961903,3559903,30
1403000,4965647,3562647,30
1404000,4969568,3565568,30
1405000,4973123,3568123,30
1406000,4976836,3570836,30
1407000,4980560,3573560,30
1408000,4984187,3576187,30
1409000,4987898,3578898,30
1410000,4991329,3581329,30
1411000,4995151,3584151,30
1412000,4998556,3586556,30
1413000,5002137,3589137,30
1414000,5005670,3591670,30
1415000,5009219,3594219,30
1416000,5012581,3596581,30
1417000,5015927,3598927,30
1418000,5019339,3601339,30
1419000,5022485,3603485,30
1420000,5025746,3605746,30
1421000,5028837,3607837,30
1422000,5031705,3609705,30
1423000,5035741,3612741,30
1424000,5039561,3615561,30
1425000,5043216,3618216,30
1426000,5047188,3621188,30
1427000,5050721,3623721,30
1428000,5054362,3626362,30
1429000,5057410,3628410,30
1430000,5060101,3630101,30
1431000,5062909,3631909,30
1432000,5066440,3634440,30
1433000,5069970,3636970,30
1434000,5073266,3639266,30
1435000,5076958,3641958,30
1436000,5080721,3644721,30
1437000,5084128,3647128,30
1438000,5087552,3649552,30
1439000,5090788,3651788,30
1440000,5094132,3654132,30
1441000,5097147,3656147,30
1442000,5100600,3658600,30
1443000,5103817,3660817,30
1444000,5107032,3663032,30
1445000,5110715,3665715,30
1446000,5113676,3667676,30
1447000,5116845,3669845,30
1448000,5121108,3673108,30
1449000,5125200,3676200,30
1450000,5129442,3679442,30
1451000,5132749,3681749,30
1452000,5136073,3684073,30
1453000,5139667,3686667,30
1454000,5142864,3688864,30
1455000,5146535,3691535,30
1456000,5149961,3693961,30
1457000,5153380,3696380,30
1458000,5156694,3698694,30
1459000,5159860,3700860,30
1460000,5162853,3702853,30
1461000,5165763,3704763,30
1462000,5169262,3707262,30
1463000,5172397,3709397,30
1464000,5175556,3711556,30
1465000,5179176,3714176,30
1466000,5182711,3716711,30
1467000,5186281,3719281,30
1468000,5190123,3722123,30
1469000,5193315,3724315,30
1470000,5197067,3727067,30
1471000,5200817,3729817,30
1472000,5204261,3732261,30
1473000,5208209,3735209,30
1474000,5212094,3738094,30
1475000,5215832,3740832,30
1476000,5219462,3743462,30
1477000,5222933,3745933,30
1478000,5226770,3748770,30
1479000,5230347,3751347,30
1480000,5233715,3753715,30
1481000,5237163,3756163,30
1482000,5240992,3758992,30
1483000,5244675,3761675,30
1484000,5248167,3764167,30
1485000,5252019,3767019,30
1486000,5255794,3769794,30
1487000,5259431,3772431,30
1488000,5263271,3775271,30
1489000,5266875,3777875,30
1490000,5270254,3780254,30
1491000,5274229,3783229,30
1492000,5277585,3785585,30
1493000,5280890,3787890,30
1494000,5284461,3790461,30
1495000,5288002,3793002,30
1496000,5291159,3795159,30
1497000,5294500,3797500,30
1498000,5297920,3799920,30
1499000,5301410,3802410,30
1500000,5304434,3804434,30
1501000,5307684,3806684,30
1502000,5310773,3808773,30
1503000,5314304,3811304,30
1504000,5317168,3813168,30
1505000,5320304,3815304,30
1506000,5323246,3817246,30
1507000,5326375,3819375,30
1508000,5329065,3821065,30
1509000,5332017,3823017,30
1510000,5334865,3824865,30
1511000,5337571,3826571,30
1512000,5340109,3828109,30
1513000,5342615,3829615,30
1514000,5346280,3832280,30
1515000,5349981,3834981,30
1516000,5353488,3837488,30
1517000,5356700,3839700,30
1518000,5360069,3842069,30
1519000,5363304,3844304,30
1520000,5366376,3846376,30
1521000,5369454,3848454,30
1522000,5372937,3850937,30
1523000,5376257,3853257,30
1524000,5379495,3855495,30
1525000,5382529,3857529,30
1526000,5385780,3859780,30
1527000,5389045,3862045,30
1528000,5391650,3863650,30
1529000,5394981,3865981,30
1530000,5398229,3868229,30
1531000,5401423,3870423,30
1532000,5404774,3872774,30
1533000,5408983,3875983,30
1534000,5413618,3879618,30
1535000,5417022,3882022,30
1536000,5420324,3884324,30
1537000,5423946,3886946,30
1538000,5427490,3889490,30
1539000,5431139,3892139,30
1540000,5434599,3894599,30
1541000,5438276,3897276,30
1542000,5441669,3899669,30
1543000,5445316,3902316,30
1544000,5448826,3904826,30
1545000,5452198,3907198,30
1546000,5455645,3909645,30
1547000,5459061,3912061,30
1548000,5462278,3914278,30
1549000,5465540,3916540,30
1550000,5469124,3919124,30
1551000,5472158,3921158,30
1552000,5475284,3923284,30
1553000,5478470,3925470,30
1554000,5481457,3927457,30
1555000,5484261,3929261,30
1556000,5487378,3931378,30
1557000,5490029,3933029,30
1558000,5492607,3934607,30
1559000,5495993,3936993,30
1560000,5499581,3939581,30
1561000,5503033,3942033,30
1562000,5506664,3944664,30
1563000,5510147,3947147,30
1564000,5513719,3949719,30
1565000,5517106,3952106,30
1566000,5520623,3954623,30
1567000,5524108,3957108,30
1568000,5527300,3959300,30
1569000,5530847,3961847,30
1570000,5534006,3964006,30
1571000,5537095,3966095,30
1572000,5540508,3968508,30
1573000,5543354,3970354,30
1574000,5546587,3972587,30
1575000,5549399,3974399,30
1576000,5552169,3976169,30
1577000,5554814,3977814,30
1578000,5557484,3979484,30
1579000,5560899,3981899,30
1580000,5563778,3983778,30
1581000,5566574,3985574,30
1582000,5569554,3987554,30
1583000,5572793,3989793,30
1584000,5575714,3991714,30
1585000,5578539,3993539,30
1586000,5581816,3995816,30
1587000,5585099,3998099,30
1588000,5588249,4000249,30
1589000,5591726,4002726,30
1590000,5595051,4005051,30
1591000,5598438,4007438,30
1592000,5601206,4009206,30
1593000,5604338,4011338,30
1594000,5607479,4013479,30
1595000,5610624,4015624,30
1596000,5613821,4017821,30
1597000,5617318,4020318,30
1598000,5620994,4022994,30
1599000,5624377,4025377,30
1600000,5627419,4027419,30
1601000,5630749,4029749,30
1602000,5634131,4032131,30
1603000,5637522,4034522,30
1604000,5640985,4036985,30
1605000,5643671,4038671,30
1606000,5646703,4040703,30
1607000,5650510,4043510,30
1608000,5654390,4046390,30
1609000,5658321,4049321,30
1610000,5661663,4051663,30
1611000,5665106,4054106,30
1612000,5668486,4056486,30
1613000,5671854,4058854,30
1614000,5675154,4061154,30
1615000,5678484,4063484,30
1616000,5681766,4065766,30
1617000,5685136,4068136,30
1618000,5688530,4070530,30
1619000,5691962,4072962,30
1620000,5695239,4075239,30
1621000,5698531,4077531,30
1622000,5701850,4079850,30
1623000,5705046,4082046,30
1624000,5708217,4084217,30
1625000,5711483,4086483,30
1626000,5714739,4088739,30
1627000,5717988,4090988,30
1628000,5721213,4093213,30
1629000,5724442,4095442,30
1630000,5727796,4097796,30
1631000,5731209,4100209,30
1632000,5734575,4102575,30
1633000,5737901,4104901,30
1634000,5741134,4107134,30
1635000,5744531,4109531,30
1636000,5747959,4111959,30
1637000,5751311,4114311,30
1638000,5754653,4116653,30
1639000,5757902,4118902,30
1640000,5761221,4121221,30
1641000,5764439,4123439,30
1642000,5767679,4125679,30
1643000,5770834,4127834,30
1644000,5774129,4130129,30
1645000,5777549,4132549,30
1646000,5780886,4134886,30
1647000,5784033,4137033,30
1648000,5787274,4139274,30
1649000,5790476,4141476,30
1650000,5793891,4143891,30
1651000,5797178,4146178,30
1652000,5800485,4148485,30
1653000,5803981,4150981,30
1654000,5807345,4153345,30
1655000,5810699,4155699,30
1656000,5814169,4158169,30
1657000,5817454,4160454,30
1658000,5820750,4162750,30
1659000,5823984,4164984,30
1660000,5827379,4167379,30
1661000,5830746,4169746,30
1662000,5834133,4172133,30
1663000,5837368,4174368,30
1664000,5840640,4176640,30
1665000,5843941,4178941,30
1666000,5847395,4181395,30
1667000,5850874,4183874,30
1668000,5854349,4186349,30
1669000,5857747,4188747,30
1670000,5861003,4191003,30
1671000,5864220,4193220,30
1672000,5867553,4195553,30
1673000,5870792,4197792,30
1674000,5874083,4200083,30
1675000,5877908,4202908,30
1676000,5881649,4205649,30
1677000,5885257,4208257,30
1678000,5888808,4210808,30
1679000,5892607,4213607,30
1680000,5896210,4216210,30
1681000,5899448,4218448,30
1682000,5902629,4220629,30
1683000,5904973,4221973,30
1684000,5907977,4223977,30
1685000,5910990,4225990,30
1686000,5914320,4228320,30
1687000,5917098,4230098,30
1688000,5920112,4232112,30
1689000,5922788,4233788,30
1690000,5925928,4235928,30
1691000,5928930,4237930,30
1692000,5931779,4239779,30
1693000,5935498,4242498,30
1694000,5938860,4244860,30
1695000,5942310,4247310,30
1696000,5945804,4249804,30
1697000,5949812,4252812,30
1698000,5953864,4255864,30
1699000,5957796,4258796,30
1700000,5961318,4261318,30
1701000,5964829,4263829,30
1702000,5968180,4266180,30
1703000,5971589,4268589,30
1704000,5975040,4271040,30
1705000,5978515,4273515,30
1706000,5981585,4275585,30
1707000,5984444,4277444,30
1708000,5987593,4279593,30
1709000,5990660,4281660,30
1710000,5993905,4283905,30
1711000,5997287,4286287,30
1712000,6000420,4288420,30
1713000,6003714,4290714,30
1714000,6007002,4293002,30
1715000,6010720,4295720,30
1716000,6013811,4297811,30
1717000,6017138,4300138,30
1718000,6020751,4302751,30
1719000,6024070,4305070,30
1720000,6027304,4307304,30
1721000,6030152,4309152,30
1722000,6033684,4311684,30
1723000,6037210,4314210,30
1724000,6040857,4316857,30
1725000,6044507,4319507,30
1726000,6047938,4321938,30
1727000,6051419,4324419,30
1728000,6054793,4326793,30
1729000,6057584,4328584,30
1730000,6060792,4330792,30
1731000,6063760,4332760,30
1732000,6067047,4335047,30
1733000,6070152,4337152,30
1734000,6073216,4339216,30
1735000,6076542,4341542,30
1736000,6079880,4343880,30
1737000,6083253,4346253,30
1738000,6086901,4348901,30
1739000,6090984,4351984,30
1740000,6094407,4354407,30
1741000,6097805,4356805,30
1742000,6101028,4359028,30
1743000,6104070,4361070,30
1744000,6107088,4363088,30
1745000,6110310,4365310,30
1746000,6113553,4367553,30
1747000,6116899,4369899,30
1748000,6119950,4371950,30
1749000,6123162,4374162,30
1750000,6126404,4376404,30
1751000,6129461,4378461,30
1752000,6132365,4380365,30
1753000,6135155,4382155,30
1754000,6138573,4384573,30
1755000,6141580,4386580,30
1756000,6144842,4388842,30
1757000,6148846,4391846,30
1758000,6152910,4394910,30
1759000,6156939,4397939,30
1760000,6160741,4400741,30
1761000,6164239,4403239,30
1762000,6167722,4405722,30
1763000,6170950,4407950,30
1764000,6174688,4410688,30
1765000,6177794,4412794,30
1766000,6181045,4415045,30
1767000,6184521,4417521,30
1768000,6188855,4420855,30
1769000,6192111,4423111,30
1770000,6196137,4426137,30
1771000,6199737,4428737,30
1772000,6202969,4430969,30
1773000,6206782,4433782,30
1774000,6209944,4435944,30
1775000,6213748,4438748,30
1776000,6217483,4441483,30
1777000,6221882,4444882,30
1778000,6226415,4448415,30
1779000,6230895,4451895,30
1780000,6234592,4454592,30
1781000,6237598,4456598,30
1782000,6241041,4459041,30
1783000,6244731,4461731,30
1784000,6247808,4463808,30
1785000,6250927,4465927,30
1786000,6254209,4468209,30
1787000,6257666,4470666,30
1788000,6260631,4472631,30
1789000,6264097,4475097,30
1790000,6267118,4477118,30
1791000,6270387,4479387,30
1792000,6273221,4481221,30
1793000,6276056,4483056,30
1794000,6279113,4485113,30
1795000,6282292,4487292,30
1796000,6285446,4489446,30
1797000,6288427,4491427,30
1798000,6291832,4493832,30
1799000,6294739,4495739,30
1800000,6297599,4497599,30
1801000,6300634,4499634,30
1802000,6303897,4501897,30
1803000,6306619,4503619,30
1804000,6309910,4505910,30
1805000,6313117,4508117,30
1806000,6316630,4510630,30
1807000,6319909,4512909,30
1808000,6323895,4515895,30
1809000,6328142,4519142,30
1810000,6331727,4521727,30
1811000,6334905,4523905,30
1812000,6338370,4526370,30
1813000,6341155,4528155,30
1814000,6344759,4530759,30
1815000,6347988,4532988,30
1816000,6351203,4535203,30
1817000,6354202,4537202,30
1818000,6357472,4539472,30
1819000,6360763,4541763,30
1820000,6363808,4543808,30
1821000,6367183,4546183,30
1822000,6370314,4548314,30
1823000,6373648,4550648,30
1824000,6376767,4552767,30
1825000,6379797,4554797,30
1826000,6383053,4557053,30
1827000,6386362,4559362,30
1828000,6389772,4561772,30
1829000,6393117,4564117,30
1830000,6395973,4565973,30
1831000,6398809,4567809,30
1832000,6402162,4570162,30
1833000,6405682,4572682,30
1834000,6409094,4575094,30
1835000,6412402,4577402,30
1836000,6416402,4580402,30
1837000,6420622,4583622,30
1838000,6424504,4586504,30
1839000,6427956,4588956,30
1840000,6431330,4591330,30
1841000,6434683,4593683,30
1842000,6438079,4596079,30
1843000,6441877,4598877,30
1844000,6445171,4601171,30
1845000,6448374,4603374,30
1846000,6451681,4605681,30
1847000,6454969,4607969,30
1848000,6458426,4610426,30
1849000,6461721,4612721,30
1850000,6464924,4614924,30
1851000,6468043,4617043,30
1852000,6471356,4619356,30
1853000,6474961,4621961,30
1854000,6478076,4624076,30
1855000,6481393,4626393,30
1856000,6484828,4628828,30
1857000,6488163,4631163,30
1858000,6492113,4634113,30
1859000,6495865,4636865,30
1860000,6499448,4639448,30
1861000,6502918,4641918,30
1862000,6506358,4644358,30
1863000,6509568,4646568,30
1864000,6512930,4648930,30
1865000,6516032,4651032,30
1866000,6518909,4652909,30
1867000,6522394,4655394,30
1868000,6526153,4658153,30
1869000,6529690,4660690,30
1870000,6533507,4663507,30
1871000,6537236,4666236,30
1872000,6541239,4669239,30
1873000,6545018,4672018,30
1874000,6548689,4674689,30
1875000,6552279,4677279,30
1876000,6555716,4679716,30
1877000,6559102,4682102,30
1878000,6562397,4684397,30
1879000,6565841,4686841,30
1880000,6568860,4688860,30
1881000,6571709,4690709,30
1882000,6575274,4693274,30
1883000,6578715,4695715,30
1884000,6581886,4697886,30
1885000,6585242,4700242,30
1886000,6588745,4702745,30
1887000,6591854,4704854,30
1888000,6594838,4706838,30
1889000,6597876,4708876,30
1890000,6600749,4710749,30
1891000,6604014,4713014,30
1892000,6607135,4715135,30
1893000,6610422,4717422,30
1894000,6614414,4720414,30
1895000,6617689,4722689,30
1896000,6620882,4724882,30
1897000,6624357,4727357,30
1898000,6627361,4729361,30
1899000,6630469,4731469,30
1900000,6633743,4733743,30
1901000,6637182,4736182,30
1902000,6640446,4738446,30
1903000,6643362,4740362,30
1904000,6646483,4742483,30
1905000,6650006,4745006,30
1906000,6653269,4747269,30
1907000,6656414,4749414,30
1908000,6659604,4751604,30
1909000,6662922,4753922,30
1910000,6666422,4756422,30
1911000,6669807,4758807,30
1912000,6673467,4761467,30
1913000,6676814,4763814,30
1914000,6679985,4765985,30
1915000,6682927,4767927,30
1916000,6686195,4770195,30
1917000,6689404,4772404,30
1918000,6692483,4774483,30
1919000,6695659,4776659,30
1920000,6698917,4778917,30
1921000,6702004,4781004,30
1922000,6705277,4783277,30
1923000,6708389,4785389,30
1924000,6711501,4787501,30
1925000,6714761,4789761,30
1926000,6717989,4791989,30
1927000,6721078,4794078,30
1928000,6724290,4796290,30
1929000,6727726,4798726,30
1930000,6731077,4801077,30
1931000,6734322,4803322,30
1932000,6737451,4805451,30
1933000,6740942,4807942,30
1934000,6744420,4810420,30
1935000,6747644,4812644,30
1936000,6750672,4814672,30
1937000,6754075,4817075,30
1938000,6757107,4819107,30
1939000,6760269,4821269,30
1940000,6763650,4823650,30
1941000,6766833,4825833,30
1942000,6770089,4828089,30
1943000,6773478,4830478,30
1944000,6776626,4832626,30
1945000,6779669,4834669,30
1946000,6782558,4836558,30
1947000,6785660,4838660,30
1948000,6788954,4840954,30
1949000,6792298,4843298,30
1950000,6795295,4845295,30
1951000,6798547,4847547,30
1952000,6801529,4849529,30
1953000,6804672,4851672,30
1954000,6807757,4853757,30
1955000,6810801,4855801,30
1956000,6813565,4857565,30
1957000,6816540,4859540,30
1958000,6819373,4861373,30
1959000,6822443,4863443,30
1960000,6824990,4864990,30
1961000,6827838,4866838,30
1962000,6831042,4869042,30
1963000,6834269,4871269,30
1964000,6837029,4873029,30
1965000,6840015,4875015,30
1966000,6843253,4877253,30
1967000,6846176,4879176,30
1968000,6849159,4881159,30
1969000,6852037,4883037,30
1970000,6855054,4885054,30
1971000,6858132,4887132,30
1972000,6860692,4888692,30
1973000,6863951,4890951,30
1974000,6867460,4893460,30
1975000,6871106,4896106,30
1976000,6875044,4899044,30
1977000,6878586,4901586,30
1978000,6881656,4903656,30
1979000,6884926,4905926,30
1980000,6888828,4908828,30
1981000,6892381,4911381,30
1982000,6895727,4913727,30
1983000,6899085,4916085,30
1984000,6902354,4918354,30
1985000,6905100,4920100,30
1986000,6908112,4922112,30
1987000,6911397,4924397,30
1988000,6914830,4926830,30
1989000,6918478,4929478,30
1990000,6921919,4931919,30
1991000,6925070,4934070,30
1992000,6928253,4936253,30
1993000,6931174,4938174,30
1994000,6934301,4940301,30
1995000,6937521,4942521,30
1996000,6940393,4944393,30
1997000,6943322,4946322,30
1998000,6945871,4947871,30
1999000,6948793,4949793,30
2000000,6952456,4952456,30
2001000,6956437,4955437,30
2002000,6959962,4957962,30
2003000,6963292,4960292,30
2004000,6966589,4962589,30
2005000,6970006,4965006,30
2006000,6973450,4967450,30
2007000,6976682,4969682,30
2008000,6980203,4972203,30
2009000,6983808,4974808,30
2010000,6986870,4976870,30
2011000,6989928,4978928,30
2012000,6993209,4981209,30
2013000,6996298,4983298,30
2014000,6999655,4985655,30
2015000,7003095,4988095,30
2016000,7006197,4990197,30
2017000,7009823,4992823,30
2018000,7012970,4994970,30
2019000,7016356,4997356,30
2020000,7019540,4999540,30
2021000,7022756,5001756,30
2022000,7026129,5004129,30
2023000,7029238,5006238,30
2024000,7032501,5008501,30
2025000,7035579,5010579,30
2026000,7038787,5012787,30
2027000,7041956,5014956,30
2028000,7045323,5017323,30
2029000,7048613,5019613,30
2030000,7051644,5021644,30
2031000,7054706,5023706,30
2032000,7057830,5025830,30
2033000,7060730,5027730,30
2034000,7063947,5029947,30
2035000,7067147,5032147,30
2036000,7070400,5034400,30
2037000,7073680,5036680,30
2038000,7076906,5038906,30
2039000,7080018,5041018,30
2040000,7083593,5043593,30
2041000,7086563,5045563,30
2042000,7089543,5047543,30
2043000,7092738,5049738,30
2044000,7096274,5052274,30
2045000,7099365,5054365,30
2046000,7102350,5056350,30
2047000,7105431,5058431,30
2048000,7108562,5060562,30
2049000,7111993,5062993,30
2050000,7115098,5065098,30
2051000,7118147,5067147,30
2052000,7121493,5069493,30
2053000,7124892,5071892,30
2054000,7128239,5074239,30
2055000,7131680,5076680,30
2056000,7135121,5079121,30
2057000,7138766,5081766,30
2058000,7142194,5084194,30
2059000,7145392,5086392,30
2060000,7148641,5088641,30
2061000,7151670,5090670,30
2062000,7154914,5092914,30
2063000,7157960,5094960,30
2064000,7161131,5097131,30
2065000,7164069,5099069,30
2066000,7167048,5101048,30
2067000,7170244,5103244,30
2068000,7173112,5105112,30
2069000,7176180,5107180,30
2070000,7179149,5109149,30
2071000,7182234,5111234,30
2072000,7185316,5113316,30
2073000,7188561,5115561,30
2074000,7191882,5117882,30
2075000,7194974,5119974,30
2076000,7198271,5122271,30
2077000,7201538,5124538,30
2078000,7204302,5126302,30
2079000,7207256,5128256,30
2080000,7210314,5130314,30
2081000,7213415,5132415,30
2082000,7216509,5134509,30
2083000,7219685,5136685,30
2084000,7222826,5138826,30
2085000,7225959,5140959,30
2086000,7229093,5143093,30
2087000,7232387,5145387,30
2088000,7235597,5147597,30
2089000,7238745,5149745,30
2090000,7241849,5151849,30
2091000,7245011,5154011,30
2092000,7248286,5156286,30
2093000,7251519,5158519,30
2094000,7254546,5160546,30
2095000,7257595,5162595,30
2096000,7260786,5164786,30
2097000,7263948,5166948,30
2098000,7267119,5169119,30
2099000,7270255,5171255,30
2100000,7273132,5173132,30
2101000,7276276,5175276,30
2102000,7279462,5177462,30
2103000,7282478,5179478,30
2104000,7285575,5181575,30
2105000,7288663,5183663,30
2106000,7291722,5185722,30
2107000,7294782,5187782,30
2108000,7297928,5189928,30
2109000,7300996,5191996,30
2110000,7304089,5194089,30
2111000,7307184,5196184,30
2112000,7310173,5198173,30
2113000,7313243,5200243,30
2114000,7316294,5202294,31
2115000,7319471,5204471,31
2116000,7322439,5206439,31
2117000,7325523,5208523,31
2118000,7328527,5210527,31
2119000,7331615,5212615,31
2120000,7334613,5214613,31
2121000,7337637,5216637,31
2122000,7340667,5218667,31
2123000,7343709,5220709,31
2124000,7346803,5222803,31
2125000,7349827,5224827,31
2126000,7353048,5227048,31
2127000,7356284,5229284,31
2128000,7359441,5231441,31
2129000,7362531,5233531,31
2130000,7365544,5235544,31
2131000,7368584,5237584,31
2132000,7371743,5239743,31
2133000,7374795,5241795,31
2134000,7377786,5243786,31
2135000,7380713,5245713,31
2136000,7383748,5247748,31
2137000,7386884,5249884,31
2138000,7389997,5251997,31
2139000,7393131,5254131,31
2140000,7396247,5256247,31
2141000,7399379,5258379,31
2142000,7402571,5260571,31
2143000,7405678,5262678,31
2144000,7408719,5264719,31
2145000,7411846,5266846,31
2146000,7414902,5268902,31
2147000,7417910,5270910,31
2148000,7420841,5272841,31
2149000,7423785,5274785,31
2150000,7426855,5276855,31
2151000,7429922,5278922,31
2152000,7432650,5280650,31
2153000,7435595,5282595,31
2154000,7438647,5284647,31
2155000,7441757,5286757,31
2156000,7444782,5288782,31
2157000,7447839,5290839,31
2158000,7450863,5292863,31
2159000,7453851,5294851,31
2160000,7456997,5296997,31
2161000,7460032,5299032,31
2162000,7462962,5300962,31
2163000,7465948,5302948,31
2164000,7468892,5304892,31
2165000,7471891,5306891,31
2166000,7474910,5308910,31
2167000,7477939,5310939,31
2168000,7480891,5312891,31
2169000,7483949,5314949,31
2170000,7487268,5317268,31
2171000,7490737,5319737,31
2172000,7494375,5322375,31
2173000,7497835,5324835,31
2174000,7501454,5327454,31
2175000,7504829,5329829,31
2176000,7508418,5332418,31
2177000,7511955,5334955,31
2178000,7515503,5337503,31
2179000,7518915,5339915,31
2180000,7522460,5342460,31
2181000,7525924,5344924,31
2182000,7529294,5347294,31
2183000,7532709,5349709,31
2184000,7536103,5352103,31
2185000,7539600,5354600,31
2186000,7542921,5356921,31
2187000,7546329,5359329,31
2188000,7549672,5361672,31
2189000,7553234,5364234,31
2190000,7556799,5366799,31
2191000,7560320,5369320,31
2192000,7563862,5371862,31
2193000,7567215,5374215,31
2194000,7570512,5376512,31
2195000,7573928,5378928,31
2196000,7577448,5381448,31
2197000,7580862,5383862,31
2198000,7584247,5386247,31
2199000,7587573,5388573,31
2200000,7590841,5390841,31
2201000,7594305,5393305,31
2202000,7597653,5395653,31
2203000,7601090,5398090,31
2204000,7604621,5400621,31
2205000,7608038,5403038,31
2206000,7611428,5405428,31
2207000,7614808,5407808,31
2208000,7618283,5410283,31
2209000,7621874,5412874,31
2210000,7625333,5415333,31
2211000,7628623,5417623,31
2212000,7632069,5420069,31
2213000,7635450,5422450,31
2214000,7638814,5424814,31
2215000,7642266,5427266,31
2216000,7645670,5429670,31
2217000,7648928,5431928,31
2218000,7652476,5434476,31
2219000,7656042,5437042,31
2220000,7659554,5439554,31
2221000,7662819,5441819,31
2222000,7666199,5444199,31
2223000,7669584,5446584,31
2224000,7672955,5448955,31
2225000,7676254,5451254,31
2226000,7679645,5453645,31
2227000,7682986,5455986,31
2228000,7686420,5458420,31
2229000,7689894,5460894,31
2230000,7693310,5463310,31
2231000,7696723,5465723,31
2232000,7700034,5468034,31
2233000,7703230,5470230,31
2234000,7706522,5472522,31
2235000,7709795,5474795,31
2236000,7713033,5477033,31
2237000,7716370,5479370,31
2238000,7719739,5481739,31
2239000,7723300,5484300,31
2240000,7726909,5486909,31
2241000,7730547,5489547,31
2242000,7734035,5492035,31
2243000,7737610,5494610,31
2244000,7741135,5497135,31
2245000,7744715,5499715,31
2246000,7748375,5502375,31
2247000,7752003,5505003,31
2248000,7755610,5507610,31
2249000,7759189,5510189,31
2250000,7762760,5512760,31
2251000,7766267,5515267,31
2252000,7769719,5517719,31
2253000,7773188,5520188,31
2254000,7776731,5522731,31
2255000,7780264,5525264,31
2256000,7783905,5527905,31
2257000,7787477,5530477,31
2258000,7790891,5532891,31
2259000,7794403,5535403,31
2260000,7798142,5538142,31
2261000,7801796,5540796,31
2262000,7805237,5543237,31
2263000,7808840,5545840,31
2264000,7812334,5548334,31
2265000,7815746,5550746,31
2266000,7819128,5553128,31
2267000,7822687,5555687,31
2268000,7826197,5558197,31
2269000,7829832,5560832,31
2270000,7833327,5563327,31
2271000,7836820,5565820,31
2272000,7840369,5568369,31
2273000,7843960,5570960,31
2274000,7847402,5573402,31
2275000,7851003,5576003,31
2276000,7854552,5578552,31
2277000,7858151,5581151,31
2278000,7861705,5583705,31
2279000,7865263,5586263,31
2280000,7868717,5588717,31
2281000,7872306,5591306,31
2282000,7875799,5593799,31
2283000,7879112,5596112,31
2284000,7882593,5598593,31
2285000,7886134,5601134,31
2286000,7889563,5603563,31
2287000,7893071,5606071,31
2288000,7896605,5608605,31
2289000,7899901,5610901,31
2290000,7903386,5613386,31
2291000,7906842,5615842,31
2292000,7910218,5618218,31
2293000,7913574,5620574,31
2294000,7916840,5622840,31
2295000,7920186,5625186,31
2296000,7923528,5627528,31
2297000,7926713,5629713,31
2298000,7930096,5632096,31
2299000,7933481,5634481,31
2300000,7936925,5636925,31
2301000,7940261,5639261,31
2302000,7943449,5641449,31
2303000,7946588,5643588,31
2304000,7949894,5645894,31
2305000,7953018,5648018,31
2306000,7956402,5650402,31
2307000,7959605,5652605,31
2308000,7962826,5654826,31
2309000,7966154,5657154,31
2310000,7969508,5659508,31
2311000,7972888,5661888,31
2312000,7976166,5664166,31
2313000,7979516,5666516,31
2314000,7982871,5668871,31
2315000,7986064,5671064,31
2316000,7989415,5673415,31
2317000,7992676,5675676,31
2318000,7995959,5677959,31
2319000,7999395,5680395,31
2320000,8002749,5682749,31
2321000,8006192,5685192,31
2322000,8009638,5687638,31
2323000,8013053,5690053,31
2324000,8016508,5692508,31
2325000,8020014,5695014,31
2326000,8023411,5697411,31
2327000,8026869,5699869,31
2328000,8030307,5702307,31
2329000,8033859,5704859,31
2330000,8037359,5707359,31
2331000,8040768,5709768,31
2332000,8044505,5712505,31
2333000,8048013,5715013,31
2334000,8051605,5717605,31
2335000,8055152,5720152,31
2336000,8058718,5722718,31
2337000,8062192,5725192,31
2338000,8065645,5727645,31
2339000,8068958,5729958,31
2340000,8072412,5732412,31
2341000,8075832,5734832,31
2342000,8079380,5737380,31
2343000,8082832,5739832,31
2344000,8086307,5742307,31
2345000,8089717,5744717,31
2346000,8093183,5747183,31
2347000,8096588,5749588,31
2348000,8100040,5752040,31
2349000,8103536,5754536,31
2350000,8107217,5757217,31
2351000,8110789,5759789,31
2352000,8114063,5762063,31
2353000,8117679,5764679,31
2354000,8121037,5767037,31
2355000,8124383,5769383,31
2356000,8127744,5771744,31
2357000,8131177,5774177,31
2358000,8134818,5776818,31
2359000,8138327,5779327,31
2360000,8141863,5781863,31
2361000,8145173,5784173,31
2362000,8148506,5786506,31
2363000,8152023,5789023,31
2364000,8155570,5791570,31
2365000,8159038,5794038,31
2366000,8162511,5796511,31
2367000,8165872,5798872,31
2368000,8169387,5801387,31
2369000,8172774,5803774,31
2370000,8176332,5806332,31
2371000,8179871,5808871,31
2372000,8183413,5811413,31
2373000,8186865,5813865,31
2374000,8190111,5816111,31
2375000,8193409,5818409,31
2376000,8196730,5820730,31
2377000,8199926,5822926,31
2378000,8203272,5825272,31
2379000,8206599,5827599,31
2380000,8209799,5829799,31
2381000,8213228,5832228,31
2382000,8216737,5834737,31
2383000,8220134,5837134,31
2384000,8223618,5839618,31
2385000,8227228,5842228,31
2386000,8230654,5844654,31
2387000,8234053,5847053,31
2388000,8237462,5849462,31
2389000,8240778,5851778,31
2390000,8244258,5854258,31
2391000,8247691,5856691,31
2392000,8251014,5859014,31
2393000,8254310,5861310,31
2394000,8257581,5863581,31
2395000,8260629,5865629,31
2396000,8263891,5867891,31
2397000,8267231,5870231,31
2398000,8270691,5872691,31
2399000,8274164,5875164,31
2400000,8277584,5877584,31
2401000,8280748,5879748,31
2402000,8284022,5882022,31
2403000,8287363,5884363,31
2404000,8290363,5886363,31
2405000,8293661,5888661,31
2406000,8296931,5890931,31
2407000,8300236,5893236,31
2408000,8303487,5895487,31
2409000,8306736,5897736,31
2410000,8310189,5900189,31
2411000,8313507,5902507,31
2412000,8316842,5904842,31
2413000,8320139,5907139,31
2414000,8323438,5909438,31
2415000,8326737,5911737,31
2416000,8330004,5914004,31
2417000,8333435,5916435,31
2418000,8336782,5918782,31
2419000,8340327,5921327,31
2420000,8343736,5923736,31
2421000,8347239,5926239,31
2422000,8350631,5928631,31
2423000,8354146,5931146,31
2424000,8357558,5933558,31
2425000,8361055,5936055,31
2426000,8364538,5938538,31
2427000,8367948,5940948,31
2428000,8371368,5943368,31
2429000,8374705,5945705,31
2430000,8378039,5948039,31
2431000,8381592,5950592,31
2432000,8385040,5953040,31
2433000,8388220,5955220,31
2434000,8391845,5957845,31
2435000,8395606,5960606,31
2436000,8399227,5963227,31
2437000,8402756,5965756,31
2438000,8406346,5968346,31
2439000,8409966,5970966,31
2440000,8413473,5973473,31
2441000,8416988,5975988,31
2442000,8420391,5978391,31
2443000,8423723,5980723,31
2444000,8427214,5983214,31
2445000,8430537,5985537,31
2446000,8434000,5988000,31
2447000,8437409,5990409,31
2448000,8440940,5992940,31
2449000,8444394,5995394,31
2450000,8447720,5997720,31
2451000,8451226,6000226,31
2452000,8454625,6002625,31
2453000,8458098,6005098,31
2454000,8461648,6007648,31
2455000,8465112,6010112,31
2456000,8468674,6012674,31
2457000,8472251,6015251,31
2458000,8475661,6017661,31
2459000,8478950,6019950,31
2460000,8482554,6022554,31
2461000,8485933,6024933,31
2462000,8489376,6027376,31
2463000,8492874,6029874,31
2464000,8496392,6032392,31
2465000,8500047,6035047,31
2466000,8503660,6037660,31
2467000,8507257,6040257,31
2468000,8510790,6042790,31
2469000,8514297,6045297,31
2470000,8517660,6047660,31
2471000,8521331,6050331,31
2472000,8524944,6052944,31
2473000,8528514,6055514,31
2474000,8532145,6058145,31
2475000,8535654,6060654,31
2476000,8539283,6063283,31
2477000,8542844,6065844,31
2478000,8546468,6068468,31
2479000,8550016,6071016,31
2480000,8553733,6073733,31
2481000,8557203,6076203,31
2482000,8560431,6078431,31
2483000,8563820,6080820,31
2484000,8567313,6083313,31
2485000,8570781,6085781,31
2486000,8574280,6088280,31
2487000,8577736,6090736,31
2488000,8581041,6093041,31
2489000,8584440,6095440,31
2490000,8587984,6097984,31
2491000,8591461,6100461,31
2492000,8594848,6102848,31
2493000,8598257,6105257,31
2494000,8601814,6107814,31
2495000,8605183,6110183,31
2496000,8608565,6112565,31
2497000,8612111,6115111,31
2498000,8615571,6117571,31
2499000,8619012,6120012,31
2500000,8622519,6122519,31
2501000,8626074,6125074,31
2502000,8629543,6127543,31
2503000,8632901,6129901,31
2504000,8636019,6132019,31
2505000,8638970,6133970,31
2506000,8642189,6136189,31
2507000,8645567,6138567,31
2508000,8649124,6141124,31
2509000,8652664,6143664,31
2510000,8656293,6146293,31
2511000,8659732,6148732,31
2512000,8663121,6151121,31
2513000,8666643,6153643,31
2514000,8669867,6155867,31
2515000,8673220,6158220,31
2516000,8676595,6160595,31
2517000,8679900,6162900,31
2518000,8683371,6165371,31
2519000,8686751,6167751,31
2520000,8690272,6170272,31
2521000,8693579,6172579,31
2522000,8696891,6174891,31
2523000,8700255,6177255,31
2524000,8703560,6179560,31
2525000,8706811,6181811,31
2526000,8710210,6184210,31
2527000,8713701,6186701,31
2528000,8717184,6189184,31
2529000,8720744,6191744,31
2530000,8724200,6194200,31
2531000,8727638,6196638,31
2532000,8731073,6199073,31
2533000,8734536,6201536,31
2534000,8737980,6203980,31
2535000,8741627,6206627,31
2536000,8745243,6209243,31
2537000,8748755,6211755,31
2538000,8752266,6214266,31
2539000,8755629,6216629,31
2540000,8759003,6219003,31
2541000,8762555,6221555,31
2542000,8766041,6224041,31
2543000,8769364,6226364,31
2544000,8773020,6229020,31
2545000,8776940,6231940,31
2546000,8780554,6234554,31
2547000,8784063,6237063,31
2548000,8787667,6239667,31
2549000,8791220,6242220,31
2550000,8794783,6244783,31
2551000,8798311,6247311,31
2552000,8801770,6249770,31
2553000,8805086,6252086,31
2554000,8808507,6254507,31
2555000,8811927,6256927,31
2556000,8815321,6259321,31
2557000,8818728,6261728,31
2558000,8822067,6264067,31
2559000,8825392,6266392,31
2560000,8828847,6268847,31
2561000,8832151,6271151,31
2562000,8835450,6273450,31
2563000,8838837,6275837,31
2564000,8842147,6278147,31
2565000,8845408,6280408,31
2566000,8848870,6282870,31
2567000,8852349,6285349,31
2568000,8855815,6287815,31
2569000,8859313,6290313,31
2570000,8862720,6292720,31
2571000,8866182,6295182,31
2572000,8869513,6297513,31
2573000,8872963,6299963,31
2574000,8876452,6302452,31
2575000,8879928,6304928,31
2576000,8883395,6307395,31
2577000,8886887,6309887,31
2578000,8890462,6312462,31
2579000,8894130,6315130,31
2580000,8897630,6317630,31
2581000,8901211,6320211,31
2582000,8904721,6322721,31
2583000,8908182,6325182,31
2584000,8911571,6327571,31
2585000,8915187,6330187,31
2586000,8918579,6332579,31
2587000,8922019,6335019,31
2588000,8925583,6337583,31
2589000,8929314,6340314,31
2590000,8932752,6342752,31
2591000,8936264,6345264,31
2592000,8939839,6347839,31
2593000,8943435,6350435,31
2594000,8946957,6352957,31
2595000,8950753,6355753,31
2596000,8954164,6358164,31
2597000,8957396,6360396,31
2598000,8960747,6362747,31
2599000,8963951,6364951,31
2600000,8967527,6367527,31
2601000,8971059,6370059,31
2602000,8974523,6372523,31
2603000,8977905,6374905,31
2604000,8981171,6377171,31
2605000,8984685,6379685,31
2606000,8988187,6382187,31
2607000,8991797,6384797,31
2608000,8995245,6387245,31
2609000,8998630,6389630,31
2610000,9001886,6391886,31
2611000,9005124,6394124,31
2612000,9008452,6396452,31
2613000,9011689,6398689,31
2614000,9014878,6400878,31
2615000,9018126,6403126,31
2616000,9021443,6405443,31
2617000,9024827,6407827,31
2618000,9028212,6410212,31
2619000,9031542,6412542,31
2620000,9034752,6414752,31
2621000,9037964,6416964,31
2622000,9041233,6419233,31
2623000,9044467,6421467,31
2624000,9047849,6423849,31
2625000,9051128,6426128,31
2626000,9054607,6428607,31
2627000,9058001,6431001,31
2628000,9061337,6433337,31
2629000,9064755,6435755,31
2630000,9067950,6437950,31
2631000,9071239,6440239,31
2632000,9074573,6442573,31
2633000,9077918,6444918,31
2634000,9081505,6447505,31
2635000,9084922,6449922,31
2636000,9088310,6452310,31
2637000,9091634,6454634,31
2638000,9094778,6456778,31
2639000,9097812,6458812,31
2640000,9101004,6461004,31
2641000,9104211,6463211,31
2642000,9107430,6465430,31
2643000,9110880,6467880,31
2644000,9114280,6470280,31
2645000,9117715,6472715,31
2646000,9121155,6475155,31
2647000,9124642,6477642,31
2648000,9127939,6479939,31
2649000,9131424,6482424,31
2650000,9134828,6484828,31
2651000,9138447,6487447,31
2652000,9142098,6490098,31
2653000,9145666,6492666,31
2654000,9149174,6495174,31
2655000,9152612,6497612,31
2656000,9156078,6500078,31
2657000,9159555,6502555,31
2658000,9162853,6504853,31
2659000,9166542,6507542,31
2660000,9170591,6510591,31
2661000,9174260,6513260,31
2662000,9177802,6515802,31
2663000,9181352,6518352,31
2664000,9184700,6520700,31
2665000,9188104,6523104,31
2666000,9191516,6525516,31
2667000,9194990,6527990,31
2668000,9198233,6530233,31
2669000,9201695,6532695,31
2670000,9204974,6534974,31
2671000,9208353,6537353,31
2672000,9211715,6539715,31
2673000,9215101,6542101,31
2674000,9218356,6544356,31
2675000,9221816,6546816,31
2676000,9225073,6549073,31
2677000,9228285,6551285,31
2678000,9231459,6553459,31
2679000,9234783,6555783,31
2680000,9238100,6558100,31
2681000,9241156,6560156,31
2682000,9244459,6562459,31
2683000,9247759,6564759,31
2684000,9251129,6567129,31
2685000,9254582,6569582,31
2686000,9258200,6572200,31
2687000,9261747,6574747,31
2688000,9265233,6577233,31
2689000,9268770,6579770,31
2690000,9272263,6582263,31
2691000,9275741,6584741,31
2692000,9279385,6587385,31
2693000,9283024,6590024,31
2694000,9286619,6592619,31
2695000,9290144,6595144,31
2696000,9293795,6597795,31
2697000,9297349,6600349,31
2698000,9300961,6602961,31
2699000,9304545,6605545,31
2700000,9308172,6608172,31
2701000,9311765,6610765,31
2702000,9315254,6613254,31
2703000,9318847,6615847,31
2704000,9322415,6618415,31
2705000,9325872,6620872,31
2706000,9329513,6623513,31
2707000,9333006,6626006,31
2708000,9336599,6628599,31
2709000,9340328,6631328,31
2710000,9343773,6633773,31
2711000,9347084,6636084,31
2712000,9350525,6638525,31
2713000,9354143,6641143,31
2714000,9357764,6643764,31
2715000,9361216,6646216,31
2716000,9364599,6648599,31
2717000,9368095,6651095,31
2718000,9371750,6653750,31
2719000,9375387,6656387,31
2720000,9378934,6658934,31
2721000,9382248,6661248,31
2722000,9385642,6663642,31
2723000,9389089,6666089,31
2724000,9392421,6668421,31
2725000,9395816,6670816,31
2726000,9399399,6673399,31
2727000,9402774,6675774,31
2728000,9406369,6678369,31
2729000,9409881,6680881,31
2730000,9413446,6683446,31
2731000,9416921,6685921,31
2732000,9420300,6688300,31
2733000,9423843,6690843,31
2734000,9427374,6693374,31
2735000,9430865,6695865,31
2736000,9434366,6698366,31
2737000,9437686,6700686,31
2738000,9441119,6703119,31
2739000,9444604,6705604,31
2740000,9448208,6708208,31
2741000,9451741,6710741,31
2742000,9455108,6713108,31
2743000,9458535,6715535,31
2744000,9461877,6717877,31
2745000,9465297,6720297,31
2746000,9468544,6722544,31
2747000,9472092,6725092,31
2748000,9475686,6727686,31
2749000,9479245,6730245,31
2750000,9482780,6732780,31
2751000,9486298,6735298,31
2752000,9489843,6737843,31
2753000,9493309,6740309,31
2754000,9497129,6743129,31
2755000,9500775,6745775,31
2756000,9504230,6748230,31
2757000,9507647,6750647,31
2758000,9511157,6753157,31
2759000,9514549,6755549,31
2760000,9518099,6758099,31
2761000,9522197,6761197,31
2762000,9526116,6764116,31
2763000,9529775,6766775,31
2764000,9533373,6769373,31
2765000,9536787,6771787,31
2766000,9540261,6774261,31
2767000,9543754,6776754,31
2768000,9547219,6779219,31
2769000,9550663,6781663,31
2770000,9553892,6783892,31
2771000,9557249,6786249,31
2772000,9560598,6788598,31
2773000,9563915,6790915,31
2774000,9567176,6793176,31
2775000,9570528,6795528,31
2776000,9573773,6797773,31
2777000,9576947,6799947,31
2778000,9580406,6802406,31
2779000,9584027,6805027,31
2780000,9587151,6807151,31
2781000,9590488,6809488,31
2782000,9593914,6811914,31
2783000,9597523,6814523,31
2784000,9601301,6817301,31
2785000,9604981,6819981,31
2786000,9608723,6822723,31
2787000,9612292,6825292,31
2788000,9615800,6827800,31
2789000,9619223,6830223,31
2790000,9622882,6832882,31
2791000,9626440,6835440,31
2792000,9629985,6837985,31
2793000,9633669,6840669,31
2794000,9637091,6843091,31
2795000,9640617,6845617,31
2796000,9644276,6848276,31
2797000,9647711,6850711,31
2798000,9651245,6853245,31
2799000,9654835,6855835,31
2800000,9658393,6858393,31
2801000,9662013,6861013,31
2802000,9665407,6863407,31
2803000,9669102,6866102,31
2804000,9672483,6868483,31
2805000,9676011,6871011,31
2806000,9679511,6873511,31
2807000,9682967,6875967,31
2808000,9686707,6878707,31
2809000,9690077,6881077,31
2810000,9693478,6883478,31
2811000,9696845,6885845,31
2812000,9700443,6888443,31
2813000,9704000,6891000,31
2814000,9707476,6893476,31
2815000,9710754,6895754,31
2816000,9714204,6898204,31
2817000,9717879,6900879,31
2818000,9721390,6903390,31
2819000,9724817,6905817,31
2820000,9728179,6908179,31
2821000,9731420,6910420,31
2822000,9734746,6912746,31
2823000,9738117,6915117,31
2824000,9741563,6917563,31
2825000,9745070,6920070,31
2826000,9748520,6922520,31
2827000,9752087,6925087,31
2828000,9755667,6927667,31
2829000,9759354,6930354,31
2830000,9762790,6932790,31
2831000,9766304,6935304,31
2832000,9769807,6937807,31
2833000,9773298,6940298,31
2834000,9776786,6942786,31
2835000,9780173,6945173,31
2836000,9783610,6947610,31
2837000,9786995,6949995,31
2838000,9790186,6952186,31
2839000,9793433,6954433,31
2840000,9796647,6956647,31
2841000,9799928,6958928,31
2842000,9803216,6961216,31
2843000,9806638,6963638,31
2844000,9809951,6965951,31
2845000,9813325,6968325,31
2846000,9816853,6970853,31
2847000,9820049,6973049,31
2848000,9823247,6975247,31
2849000,9826692,6977692,31
2850000,9829958,6979958,31
2851000,9833261,6982261,31
2852000,9836643,6984643,31
2853000,9839917,6986917,31
2854000,9843225,6989225,31
2855000,9846416,6991416,31
2856000,9849708,6993708,31
2857000,9852689,6995689,31
2858000,9855686,6997686,31
2859000,9859531,7000531,31
2860000,9863391,7003391,31
2861000,9866991,7005991,31
2862000,9870368,7008368,31
2863000,9873515,7010515,31
2864000,9876815,7012815,31
2865000,9879993,7014993,31
2866000,9883291,7017291,31
2867000,9886695,7019695,31
2868000,9889857,7021857,31
2869000,9893059,7024059,31
2870000,9896440,7026440,31
2871000,9899903,7028903,31
2872000,9903138,7031138,31
2873000,9906519,7033519,31
2874000,9909483,7035483,31
2875000,9912520,7037520,31
2876000,9915695,7039695,31
2877000,9918945,7041945,31
2878000,9922518,7044518,31
2879000,9925471,7046471,31
2880000,9928510,7048510,31
2881000,9931757,7050757,31
2882000,9935097,7053097,31
2883000,9938541,7055541,31
2884000,9942351,7058351,31
2885000,9946136,7061136,31
2886000,9949884,7063884,31
2887000,9953877,7066877,31
2888000,9957497,7069497,31
2889000,9960970,7071970,31
2890000,9964436,7074436,31
2891000,9968053,7077053,31
2892000,9971567,7079567,31
2893000,9975312,7082312,31
2894000,9978909,7084909,31
2895000,9982414,7087414,31
2896000,9986050,7090050,31
2897000,9989580,7092580,31
2898000,9993033,7095033,31
2899000,9996626,7097626,31
2900000,10000085,7100085,31
2901000,10003547,7102547,31
2902000,10007087,7105087,31
2903000,10010481,7107481,31
2904000,10013993,7109993,31
2905000,10017441,7112441,31
2906000,10021162,7115162,31
2907000,10024490,7117490,31
2908000,10028168,7120168,31
2909000,10031627,7122627,31
2910000,10035289,7125289,31
2911000,10038892,7127892,31
2912000,10042108,7130108,31
2913000,10045423,7132423,31
2914000,10048899,7134899,31
2915000,10052286,7137286,31
2916000,10055493,7139493,31
2917000,10058657,7141657,31
2918000,10061900,7143900,31
2919000,10064906,7145906,31
2920000,10068119,7148119,31
2921000,10071452,7150452,31
2922000,10074707,7152707,31
2923000,10077929,7154929,31
2924000,10081281,7157281,31
2925000,10084741,7159741,31
2926000,10088058,7162058,31
2927000,10091590,7164590,31
2928000,10095227,7167227,31
2929000,10098648,7169648,31
2930000,10101750,7171750,31
2931000,10104981,7173981,31
2932000,10108202,7176202,31
2933000,10111649,7178649,31
2934000,10114760,7180760,31
2935000,10117974,7182974,31
2936000,10121333,7185333,31
2937000,10124497,7187497,31
2938000,10127763,7189763,31
2939000,10130977,7191977,31
2940000,10134222,7194222,31
2941000,10137510,7196510,31
2942000,10141022,7199022,31
2943000,10144459,7201459,31
2944000,10148203,7204203,31
2945000,10151460,7206460,31
2946000,10154668,7208668,31
2947000,10157941,7210941,31
2948000,10161138,7213138,31
2949000,10164728,7215728,31
2950000,10167818,7217818,31
2951000,10170895,7219895,31
2952000,10174043,7222043,31
2953000,10177291,7224291,31
2954000,10181066,7227066,31
2955000,10184855,7229855,31
2956000,10188157,7232157,31
2957000,10191321,7234321,31
2958000,10194576,7236576,31
2959000,10197559,7238559,31
2960000,10200997,7240997,31
2961000,10204006,7243006,31
2962000,10207080,7245080,31
2963000,10210304,7247304,31
2964000,10213581,7249581,31
2965000,10216854,7251854,31
2966000,10220230,7254230,31
2967000,10223382,7256382,31
2968000,10226755,7258755,31
2969000,10230463,7261463,31
2970000,10234198,7264198,31
2971000,10237382,7266382,31
2972000,10240607,7268607,31
2973000,10244010,7271010,31
2974000,10247576,7273576,31
2975000,10251401,7276401,31
2976000,10255048,7279048,31
2977000,10258615,7281615,31
2978000,10262514,7284514,31
2979000,10266567,7287567,31
2980000,10270069,7290069,31
2981000,10273333,7292333,31
2982000,10276770,7294770,31
2983000,10280047,7297047,31
2984000,10283293,7299293,31
2985000,10286968,7301968,31
2986000,10290791,7304791,31
2987000,10294261,7307261,31
2988000,10297852,7309852,31
2989000,10301430,7312430,31
2990000,10304949,7314949,31
2991000,10308491,7317491,31
2992000,10311930,7319930,31
2993000,10315365,7322365,31
2994000,10318733,7324733,31
2995000,10322174,7327174,31
2996000,10325708,7329708,31
2997000,10328936,7331936,31
2998000,10332515,7334515,31
2999000,10335889,7336889,31
3000000,10339261,7339261,31
3001000,10342557,7341557,31
3002000,10345737,7343737,31
3003000,10348790,7345790,31
3004000,10352060,7348060,31
3005000,10355517,7350517,31
3006000,10358715,7352715,31
3007000,10361941,7354941,31
3008000,10365119,7357119,31
3009000,10368251,7359251,31
3010000,10371559,7361559,31
3011000,10374701,7363701,31
3012000,10377866,7365866,31
3013000,10381058,7368058,31
3014000,10384822,7370822,31
3015000,10388176,7373176,31
3016000,10391892,7375892,31
3017000,10395539,7378539,31
3018000,10398661,7380661,31
3019000,10402044,7383044,31
3020000,10405278,7385278,31
3021000,10408536,7387536,31
3022000,10411691,7389691,31
3023000,10414913,7391913,31
3024000,10418060,7394060,31
3025000,10421345,7396345,31
3026000,10424545,7398545,31
3027000,10427785,7400785,31
3028000,10431153,7403153,31
3029000,10434642,7405642,31
3030000,10438315,7408315,31
3031000,10441491,7410491,31
3032000,10444840,7412840,31
3033000,10448225,7415225,31
3034000,10451358,7417358,31
3035000,10454474,7419474,31
3036000,10457893,7421893,31
3037000,10461519,7424519,31
3038000,10464930,7426930,31
3039000,10468199,7429199,31
3040000,10471147,7431147,31
3041000,10474500,7433500,31
3042000,10477636,7435636,31
3043000,10481010,7438010,31
3044000,10484314,7440314,31
3045000,10487409,7442409,31
3046000,10490599,7444599,31
3047000,10493594,7446594,31
3048000,10497061,7449061,31
3049000,10500604,7451604,31
3050000,10504063,7454063,31
3051000,10507304,7456304,31
3052000,10510407,7458407,31
3053000,10513622,7460622,31
3054000,10516953,7462953,31
3055000,10520259,7465259,31
3056000,10524103,7468103,31
3057000,10527799,7470799,31
3058000,10531654,7473654,31
3059000,10535621,7476621,31
3060000,10539673,7479673,31
3061000,10543081,7482081,31
3062000,10546414,7484414,31
3063000,10549661,7486661,31
3064000,10552724,7488724,31
3065000,10555950,7490950,31
3066000,10559457,7493457,31
3067000,10562783,7495783,31
3068000,10565928,7497928,31
3069000,10569198,7500198,31
3070000,10572413,7502413,31
3071000,10575598,7504598,31
3072000,10578924,7506924,31
3073000,10582226,7509226,31
3074000,10585404,7511404,31
3075000,10588410,7513410,31
3076000,10591594,7515594,31
3077000,10594743,7517743,31
3078000,10597831,7519831,31
3079000,10601396,7522396,31
3080000,10605215,7525215,31
3081000,10608239,7527239,31
3082000,10611434,7529434,31
3083000,10614731,7531731,31
3084000,10618089,7534089,31
3085000,10621587,7536587,31
3086000,10624800,7538800,31
3087000,10627957,7540957,31
3088000,10631263,7543263,31
3089000,10634562,7545562,31
3090000,10637808,7547808,31
3091000,10641658,7550658,31
3092000,10645243,7553243,31
3093000,10649071,7556071,31
3094000,10652762,7558762,31
3095000,10655849,7560849,31
3096000,10659024,7563024,31
3097000,10662134,7565134,31
3098000,10665169,7567169,31
3099000,10668252,7569252,31
3100000,10671309,7571309,31
3101000,10674422,7573422,31
3102000,10677551,7575551,31
3103000,10680567,7577567,31
3104000,10683982,7579982,31
3105000,10687956,7582956,31
3106000,10690966,7584966,31
3107000,10693915,7586915,31
3108000,10697217,7589217,31
3109000,10700149,7591149,31
3110000,10703252,7593252,31
3111000,10706530,7595530,31
3112000,10709670,7597670,31
3113000,10712866,7599866,31
3114000,10715675,7601675,31
3115000,10719246,7604246,31
3116000,10722248,7606248,31
3117000,10725630,7608630,31
3118000,10728809,7610809,31
3119000,10731866,7612866,31
3120000,10734850,7614850,31
3121000,10738271,7617271,31
3122000,10741665,7619665,31
3123000,10745156,7622156,31
3124000,10748384,7624384,31
3125000,10751488,7626488,31
3126000,10754417,7628417,31
3127000,10757874,7630874,31
3128000,10761512,7633512,31
3129000,10764941,7635941,31
3130000,10768565,7638565,31
3131000,10772579,7641579,31
3132000,10776577,7644577,31
3133000,10780187,7647187,31
3134000,10783545,7649545,31
3135000,10786700,7651700,31
3136000,10789804,7653804,31
3137000,10793363,7656363,31
3138000,10796861,7658861,31
3139000,10800209,7661209,31
3140000,10803502,7663502,31
3141000,10806774,7665774,31
3142000,10810188,7668188,31
3143000,10813355,7670355,31
3144000,10816389,7672389,31
3145000,10819321,7674321,31
3146000,10822468,7676468,31
3147000,10826057,7679057,31
3148000,10829660,7681660,31
3149000,10833322,7684322,31
3150000,10836655,7686655,31
3151000,10839802,7688802,31
3152000,10843271,7691271,31
3153000,10846462,7693462,31
3154000,10849632,7695632,31
3155000,10852852,7697852,31
3156000,10856190,7700190,31
3157000,10859707,7702707,31
3158000,10863446,7705446,31
3159000,10867110,7708110,31
3160000,10870508,7710508,31
3161000,10873585,7712585,31
3162000,10876624,7714624,31
3163000,10879578,7716578,31
3164000,10882526,7718526,31
3165000,10885485,7720485,31
3166000,10888646,7722646,31
3167000,10891686,7724686,31
3168000,10895360,7727360,31
3169000,10899226,7730226,31
3170000,10902276,7732276,31
3171000,10905506,7734506,31
3172000,10908671,7736671,31
3173000,10912080,7739080,31
3174000,10915345,7741345,31
3175000,10918560,7743560,31
3176000,10921971,7745971,31
3177000,10925535,7748535,31
3178000,10928821,7750821,31
3179000,10932085,7753085,31
3180000,10935637,7755637,31
3181000,10939340,7758340,31
3182000,10942598,7760598,31
3183000,10945601,7762601,31
3184000,10949062,7765062,31
3185000,10952709,7767709,31
3186000,10956203,7770203,31
3187000,10960147,7773147,31
3188000,10964132,7776132,31
3189000,10967702,7778702,31
3190000,10970685,7780685,31
3191000,10973540,7782540,31
3192000,10976944,7784944,31
3193000,10980165,7787165,31
3194000,10983266,7789266,31
3195000,10986368,7791368,31
3196000,10989641,7793641,31
3197000,10992931,7795931,31
3198000,10996136,7798136,31
3199000,10999162,7800162,31
3200000,11002137,7802137,31
3201000,11005451,7804451,31
3202000,11008962,7806962,31
3203000,11012698,7809698,31
3204000,11016140,7812140,31
3205000,11019187,7814187,31
3206000,11022447,7816447,31
3207000,11025611,7818611,31
3208000,11028666,7820666,31
3209000,11031861,7822861,31
3210000,11035266,7825266,31
3211000,11038944,7827944,31
3212000,11042296,7830296,31
3213000,11045355,7832355,31
3214000,11048810,7834810,31
3215000,11052010,7837010,31
3216000,11055033,7839033,31
3217000,11058123,7841123,31
3218000,11061261,7843261,31
3219000,11064631,7845631,31
3220000,11068169,7848169,31
3221000,11071356,7850356,31
3222000,11074489,7852489,31
3223000,11077780,7854780,31
3224000,11081050,7857050,31
3225000,11084106,7859106,31
3226000,11087405,7861405,31
3227000,11090786,7863786,31
3228000,11094413,7866413,31
3229000,11097538,7868538,31
3230000,11100846,7870846,31
3231000,11104394,7873394,31
3232000,11107635,7875635,31
3233000,11110642,7877642,31
3234000,11113880,7879880,31
3235000,11117352,7882352,31
3236000,11120683,7884683,31
3237000,11124488,7887488,31
3238000,11128175,7890175,31
3239000,11131026,7892026,31
3240000,11134355,7894355,31
3241000,11137769,7896769,31
3242000,11140878,7898878,31
3243000,11144184,7901184,31
3244000,11147516,7903516,31
3245000,11150636,7905636,31
3246000,11153813,7907813,31
3247000,11157226,7910226,31
3248000,11160982,7912982,31
3249000,11164415,7915415,31
3250000,11167648,7917648,31
3251000,11170791,7919791,31
3252000,11174031,7922031,31
3253000,11177431,7924431,31
3254000,11181222,7927222,31
3255000,11184410,7929410,31
3256000,11187750,7931750,31
3257000,11191216,7934216,31
3258000,11194292,7936292,31
3259000,11197543,7938543,31
3260000,11200912,7940912,31
3261000,11204526,7943526,31
3262000,11207606,7945606,31
3263000,11210857,7947857,31
3264000,11213998,7949998,31
3265000,11217305,7952305,31
3266000,11220645,7954645,31
3267000,11224212,7957212,31
3268000,11227462,7959462,31
3269000,11230816,7961816,31
3270000,11234058,7964058,31
3271000,11237280,7966280,31
3272000,11240803,7968803,31
3273000,11244649,7971649,31
3274000,11248057,7974057,31
3275000,11251247,7976247,31
3276000,11254586,7978586,31
3277000,11257699,7980699,31
3278000,11261013,7983013,31
3279000,11264096,7985096,31
3280000,11267331,7987331,31
3281000,11270779,7989779,31
3282000,11274226,7992226,31
3283000,11277344,7994344,31
3284000,11280481,7996481,31
3285000,11283748,7998748,31
3286000,11287243,8001243,31
3287000,11290507,8003507,31
3288000,11294004,8006004,31
3289000,11297262,8008262,31
3290000,11300641,8010641,31
3291000,11303918,8012918,31
3292000,11306829,8014829,31
3293000,11309968,8016968,31
3294000,11313041,8019041,31
3295000,11316212,8021212,31
3296000,11319422,8023422,31
3297000,11322823,8025823,31
3298000,11325831,8027831,31
3299000,11329077,8030077,31
3300000,11332424,8032424,31
3301000,11335846,8034846,31
3302000,11338870,8036870,31
3303000,11341937,8038937,31
3304000,11344928,8040928,31
3305000,11347964,8042964,31
3306000,11350879,8044879,31
3307000,11353726,8046726,31
3308000,11356919,8048919,31
3309000,11359934,8050934,31
3310000,11362947,8052947,31
3311000,11365977,8054977,31
3312000,11369230,8057230,31
3313000,11372638,8059638,31
3314000,11376067,8062067,31
3315000,11379346,8064346,31
3316000,11382360,8066360,31
3317000,11385422,8068422,31
3318000,11388565,8070565,31
3319000,11391501,8072501,31
3320000,11394762,8074762,31
3321000,11397762,8076762,31
3322000,11400815,8078815,31
3323000,11404162,8081162,31
3324000,11407223,8083223,31
3325000,11410262,8085262,31
3326000,11413409,8087409,31
3327000,11416323,8089323,31
3328000,11419531,8091531,31
3329000,11422602,8093602,31
3330000,11425568,8095568,31
3331000,11428767,8097767,31
3332000,11432033,8100033,31
3333000,11435278,8102278,31
3334000,11438219,8104219,31
3335000,11441329,8106329,31
3336000,11444428,8108428,31
3337000,11447195,8110195,31
3338000,11450491,8112491,31
3339000,11453529,8114529,31
3340000,11456391,8116391,31
3341000,11459492,8118492,31
3342000,11462397,8120397,31
3343000,11465492,8122492,31
3344000,11468428,8124428,31
3345000,11471603,8126603,31
3346000,11474868,8128868,31
3347000,11477938,8130938,31
3348000,11481032,8133032,31
3349000,11483980,8134980,31
3350000,11487351,8137351,31
3351000,11490549,8139549,31
3352000,11493492,8141492,31
3353000,11496514,8143514,31
3354000,11499352,8145352,31
3355000,11502287,8147287,31
3356000,11505365,8149365,31
3357000,11508654,8151654,31
3358000,11511494,8153494,31
3359000,11514581,8155581,31
3360000,11518151,8158151,31
3361000,11521502,8160502,31
3362000,11524666,8162666,31
3363000,11527684,8164684,31
3364000,11530625,8166625,31
3365000,11534035,8169035,31
3366000,11536934,8170934,31
3367000,11540332,8173332,31
3368000,11543971,8175971,31
3369000,11547229,8178229,31
3370000,11550436,8180436,31
3371000,11553422,8182422,31
3372000,11556729,8184729,31
3373000,11559784,8186784,31
3374000,11563386,8189386,31
3375000,11567031,8192031,31
3376000,11570306,8194306,31
3377000,11573293,8196293,31
3378000,11576514,8198514,31
3379000,11579981,8200981,31
3380000,11583559,8203559,31
3381000,11586857,8205857,31
3382000,11590089,8208089,31
3383000,11593370,8210370,31
3384000,11596844,8212844,31
3385000,11599977,8214977,31
3386000,11603336,8217336,31
3387000,11606750,8219750,31
3388000,11609938,8221938,31
3389000,11613261,8224261,31
3390000,11616522,8226522,31
3391000,11619777,8228777,31
3392000,11623017,8231017,31
3393000,11626276,8233276,31
3394000,11628425,8234425,31
3395000,11630842,8235842,31
3396000,11633238,8237238,31
3397000,11635522,8238522,31
3398000,11637797,8239797,31
3399000,11640112,8241112,31
3400000,11643082,8243082,31
3401000,11645820,8244820,31
3402000,11648524,8246524,31
3403000,11651702,8248702,31
3404000,11654595,8250595,31
3405000,11657143,8252143,31
3406000,11660092,8254092,31
3407000,11662872,8255872,31
3408000,11665663,8257663,31
3409000,11668482,8259482,31
3410000,11671515,8261515,31
3411000,11674551,8263551,31
3412000,11677268,8265268,31
3413000,11680220,8267220,31
3414000,11682997,8268997,31
3415000,11686086,8271086,31
3416000,11689081,8273081,31
3417000,11692030,8275030,31
3418000,11694971,8276971,31
3419000,11697703,8278703,31
3420000,11700616,8280616,31
3421000,11703575,8282575,31
3422000,11706539,8284539,31
3423000,11709583,8286583,31
3424000,11712741,8288741,31
3425000,11716433,8291433,31
3426000,11719381,8293381,31
3427000,11722449,8295449,31
3428000,11725613,8297613,31
3429000,11728551,8299551,31
3430000,11731389,8301389,31
3431000,11734474,8303474,31
3432000,11737446,8305446,31
3433000,11740426,8307426,31
3434000,11743343,8309343,31
3435000,11746372,8311372,31
3436000,11749287,8313287,31
3437000,11752351,8315351,31
3438000,11755277,8317277,31
3439000,11757993,8318993,31
3440000,11760871,8320871,31
3441000,11763722,8322722,31
3442000,11766733,8324733,31
3443000,11769480,8326480,31
3444000,11772290,8328290,31
3445000,11775335,8330335,31
3446000,11778266,8332266,31
3447000,11781294,8334294,31
3448000,11784382,8336382,31
3449000,11787309,8338309,31
3450000,11790061,8340061,31
3451000,11793249,8342249,31
3452000,11796278,8344278,31
3453000,11799153,8346153,31
3454000,11801748,8347748,31
3455000,11804789,8349789,31
3456000,11807736,8351736,31
3457000,11810404,8353404,31
3458000,11813042,8355042,31
3459000,11815654,8356654,31
3460000,11818027,8358027,31
3461000,11820823,8359823,31
3462000,11823516,8361516,31
3463000,11826704,8363704,31
3464000,11829719,8365719,31
3465000,11832544,8367544,31
3466000,11835301,8369301,31
3467000,11838138,8371138,31
3468000,11841390,8373390,31
3469000,11844405,8375405,31
3470000,11847363,8377363,31
3471000,11850121,8379121,31
3472000,11852849,8380849,31
3473000,11855665,8382665,31
3474000,11858280,8384280,31
3475000,11861203,8386203,31
3476000,11863921,8387921,32
3477000,11866527,8389527,32
3478000,11869988,8391988,32
3479000,11873429,8394429,32
3480000,11876877,8396877,32
3481000,11880380,8399380,32
3482000,11883925,8401925,32
3483000,11887572,8404572,32
3484000,11891174,8407174,32
3485000,11894849,8409849,32
3486000,11898511,8412511,32
3487000,11902269,8415269,32
3488000,11905961,8417961,32
3489000,11909821,8420821,32
3490000,11913534,8423534,32
3491000,11917236,8426236,32
3492000,11921052,8429052,32
3493000,11924741,8431741,32
3494000,11928386,8434386,32
3495000,11932241,8437241,32
3496000,11935974,8439974,32
3497000,11939688,8442688,32
3498000,11943264,8445264,32
3499000,11947054,8448054,32
3500000,11950631,8450631,32
3501000,11954422,8453422,32
3502000,11958134,8456134,32
3503000,11961785,8458785,32
3504000,11965201,8461201,32
3505000,11968867,8463867,32
3506000,11972286,8466286,32
3507000,11975986,8468986,32
3508000,11979664,8471664,32
3509000,11983233,8474233,32
3510000,11986665,8476665,32
3511000,11990072,8479072,32
3512000,11993537,8481537,32
3513000,11997113,8484113,32
3514000,12000535,8486535,32
3515000,12004011,8489011,32
3516000,12007344,8491344,32
3517000,12010890,8493890,32
3518000,12014197,8496197,32
3519000,12017571,8498571,32
3520000,12020824,8500824,32
3521000,12024135,8503135,32
3522000,12027434,8505434,32
3523000,12030612,8507612,32
3524000,12034755,8510755,32
3525000,12038366,8513366,32
3526000,12042322,8516322,32
3527000,12046337,8519337,32
3528000,12050153,8522153,32
3529000,12053668,8524668,32
3530000,12057290,8527290,32
3531000,12060589,8529589,32
3532000,12064012,8532012,32
3533000,12067571,8534571,32
3534000,12071006,8537006,32
3535000,12074723,8539723,32
3536000,12078421,8542421,32
3537000,12082002,8545002,32
3538000,12085868,8547868,32
3539000,12089282,8550282,32
3540000,12092716,8552716,32
3541000,12095771,8554771,32
3542000,12099100,8557100,32
3543000,12102928,8559928,32
3544000,12106679,8562679,32
3545000,12110418,8565418,32
3546000,12114110,8568110,32
3547000,12117559,8570559,32
3548000,12121303,8573303,32
3549000,12124785,8575785,32
3550000,12127830,8577830,32
3551000,12131576,8580576,32
3552000,12135198,8583198,32
3553000,12138758,8585758,32
3554000,12142159,8588159,32
3555000,12145484,8590484,32
3556000,12148369,8592369,32
3557000,12151310,8594310,32
3558000,12154017,8596017,32
3559000,12156483,8597483,32
3560000,12159164,8599164,32
3561000,12162512,8601512,32
3562000,12165776,8603776,32
3563000,12169127,8606127,32
3564000,12172503,8608503,32
3565000,12175928,8610928,32
3566000,12179334,8613334,32
3567000,12182679,8615679,32
3568000,12186243,8618243,32
3569000,12189517,8620517,32
3570000,12193031,8623031,32
3571000,12196279,8625279,32
3572000,12199576,8627576,32
3573000,12202866,8629866,32
3574000,12206631,8632631,32
3575000,12210488,8635488,32
3576000,12214015,8638015,32
3577000,12217408,8640408,32
3578000,12221123,8643123,32
3579000,12224735,8645735,32
3580000,12228553,8648553,32
3581000,12232108,8651108,32
3582000,12235676,8653676,32
3583000,12239649,8656649,32
3584000,12243484,8659484,32
3585000,12247243,8662243,32
3586000,12250804,8664804,32
3587000,12254320,8667320,32
3588000,12257847,8669847,32
3589000,12261491,8672491,32
3590000,12265250,8675250,32
3591000,12269021,8678021,32
3592000,12272951,8680951,32
3593000,12276742,8683742,32
3594000,12280599,8686599,32
3595000,12284391,8689391,32
3596000,12288200,8692200,32
3597000,12292258,8695258,32
3598000,12295905,8697905,32
3599000,12299751,8700751,32
3600000,12303581,8703581,32
3601000,12307272,8706272,32
3602000,12311105,8709105,32
3603000,12314704,8711704,32
3604000,12318399,8714399,32
3605000,12321979,8716979,32
3606000,12325290,8719290,32
3607000,12328377,8721377,32
3608000,12331732,8723732,32
3609000,12335134,8726134,32
3610000,12338182,8728182,32
3611000,12341340,8730340,32
3612000,12344387,8732387,32
3613000,12348196,8735196,32
3614000,12351732,8737732,32
3615000,12355252,8740252,32
3616000,12358500,8742500,32
3617000,12361774,8744774,32
3618000,12365112,8747112,32
3619000,12368561,8749561,32
3620000,12371722,8751722,32
3621000,12375189,8754189,32
3622000,12378248,8756248,32
3623000,12381389,8758389,32
3624000,12384529,8760529,32
3625000,12388104,8763104,32
3626000,12391443,8765443,32
3627000,12394678,8767678,32
3628000,12397930,8769930,32
3629000,12401227,8772227,32
3630000,12404557,8774557,32
3631000,12407673,8776673,32
3632000,12411294,8779294,32
3633000,12414815,8781815,32
3634000,12418618,8784618,32
3635000,12422395,8787395,32
3636000,12426414,8790414,32
3637000,12430265,8793265,32
3638000,12434118,8796118,32
3639000,12437852,8798852,32
3640000,12441820,8801820,32
3641000,12445959,8804959,32
3642000,12450018,8808018,32
3643000,12453709,8810709,32
3644000,12457835,8813835,32
3645000,12461292,8816292,32
3646000,12464546,8818546,32
3647000,12467707,8820707,32
3648000,12470414,8822414,32
3649000,12474236,8825236,32
3650000,12478171,8828171,32
3651000,12481492,8830492,32
3652000,12484951,8832951,32
3653000,12488690,8835690,32
3654000,12492522,8838522,32
3655000,12496324,8841324,32
3656000,12500328,8844328,32
3657000,12504174,8847174,32
3658000,12508112,8850112,32
3659000,12511973,8852973,32
3660000,12515886,8855886,32
3661000,12519681,8858681,32
3662000,12523420,8861420,32
3663000,12526873,8863873,32
3664000,12530443,8866443,32
3665000,12533952,8868952,32
3666000,12537359,8871359,32
3667000,12541007,8874007,32
3668000,12544732,8876732,32
3669000,12548433,8879433,32
3670000,12552282,8882282,32
3671000,12555856,8884856,32
3672000,12559576,8887576,32
3673000,12563525,8890525,32
3674000,12566963,8892963,32
3675000,12570666,8895666,32
3676000,12574429,8898429,32
3677000,12578042,8901042,32
3678000,12581515,8903515,32
3679000,12585064,8906064,32
3680000,12588748,8908748,32
3681000,12592104,8911104,32
3682000,12595510,8913510,32
3683000,12599007,8916007,32
3684000,12602249,8918249,32
3685000,12605473,8920473,32
3686000,12608523,8922523,32
3687000,12611653,8924653,32
3688000,12615147,8927147,32
3689000,12618534,8929534,32
3690000,12621850,8931850,32
3691000,12625165,8934165,32
3692000,12628453,8936453,32
3693000,12631655,8938655,32
3694000,12635081,8941081,32
3695000,12638674,8943674,32
3696000,12642181,8946181,32
3697000,12645221,8948221,32
3698000,12648491,8950491,32
3699000,12651719,8952719,32
3700000,12655502,8955502,32
3701000,12659509,8958509,32
3702000,12663531,8961531,32
3703000,12667524,8964524,32
3704000,12671417,8967417,32
3705000,12675080,8970080,32
3706000,12678770,8972770,32
3707000,12682196,8975196,32
3708000,12685757,8977757,32
3709000,12688893,8979893,32
3710000,12692199,8982199,32
3711000,12695797,8984797,32
3712000,12699512,8987512,32
3713000,12703120,8990120,32
3714000,12706316,8992316,32
3715000,12709797,8994797,32
3716000,12713184,8997184,32
3717000,12716834,8999834,32
3718000,12720425,9002425,32
3719000,12723845,9004845,32
3720000,12726926,9006926,32
3721000,12730626,9009626,32
3722000,12734138,9012138,32
3723000,12737656,9014656,32
3724000,12740903,9016903,32
3725000,12744554,9019554,32
3726000,12748134,9022134,32
3727000,12751513,9024513,32
3728000,12754796,9026796,32
3729000,12757955,9028955,32
3730000,12761846,9031846,32
3731000,12765587,9034587,32
3732000,12769146,9037146,32
3733000,12772435,9039435,32
3734000,12775675,9041675,32
3735000,12778795,9043795,32
3736000,12781659,9045659,32
3737000,12785082,9048082,32
3738000,12788645,9050645,32
3739000,12791921,9052921,32
3740000,12795367,9055367,32
3741000,12798907,9057907,32
3742000,12802303,9060303,32
3743000,12805818,9062818,32
3744000,12809211,9065211,32
3745000,12812694,9067694,32
3746000,12816104,9070104,32
3747000,12819525,9072525,32
3748000,12822853,9074853,32
3749000,12826290,9077290,32
3750000,12829620,9079620,32
3751000,12832795,9081795,32
3752000,12836000,9084000,32
3753000,12839779,9086779,32
3754000,12843179,9089179,32
3755000,12847085,9092085,32
3756000,12850451,9094451,32
3757000,12854239,9097239,32
3758000,12857869,9099869,32
3759000,12861594,9102594,32
3760000,12865265,9105265,32
3761000,12869002,9108002,32
3762000,12872550,9110550,32
3763000,12876092,9113092,32
3764000,12879529,9115529,32
3765000,12882674,9117674,32
3766000,12885889,9119889,32
3767000,12888933,9121933,32
3768000,12892464,9124464,32
3769000,12896241,9127241,32
3770000,12899726,9129726,32
3771000,12903063,9132063,32
3772000,12906388,9134388,32
3773000,12909551,9136551,32
3774000,12912977,9138977,32
3775000,12916290,9141290,32
3776000,12919180,9143180,32
3777000,12922769,9145769,32
3778000,12926501,9148501,32
3779000,12929729,9150729,32
3780000,12932982,9152982,32
3781000,12936528,9155528,32
3782000,12939863,9157863,32
3783000,12943653,9160653,32
3784000,12947154,9163154,32
3785000,12950807,9165807,32
3786000,12954235,9168235,32
3787000,12957395,9170395,32
3788000,12960952,9172952,32
3789000,12964522,9175522,32
3790000,12968028,9178028,32
3791000,12971460,9180460,32
3792000,12974741,9182741,32
3793000,12978647,9185647,32
3794000,12982663,9188663,32
3795000,12986535,9191535,32
3796000,12989764,9193764,32
3797000,12992989,9195989,32
3798000,12996343,9198343,32
3799000,12999356,9200356,32
3800000,13003185,9203185,32
3801000,13006551,9205551,32
3802000,13009830,9207830,32
3803000,13013358,9210358,32
3804000,13016779,9212779,32
3805000,13020267,9215267,32
3806000,13023250,9217250,32
3807000,13026119,9219119,32
3808000,13028837,9220837,32
3809000,13031668,9222668,32
3810000,13035463,9225463,32
3811000,13039048,9228048,32
3812000,13042106,9230106,32
3813000,13045605,9232605,32
3814000,13048916,9234916,32
3815000,13051988,9236988,32
3816000,13055010,9239010,32
3817000,13058219,9241219,32
3818000,13061102,9243102,32
3819000,13064721,9245721,32
3820000,13068284,9248284,32
3821000,13071896,9250896,32
3822000,13075348,9253348,32
3823000,13078664,9255664,32
3824000,13081810,9257810,32
3825000,13084723,9259723,32
3826000,13087872,9261872,32
3827000,13091012,9264012,32
3828000,13093989,9265989,32
3829000,13097634,9268634,32
3830000,13101121,9271121,32
3831000,13104176,9273176,32
3832000,13107975,9275975,32
3833000,13111891,9278891,32
3834000,13115912,9281912,32
3835000,13119420,9284420,32
3836000,13122890,9286890,32
3837000,13126492,9289492,32
3838000,13129585,9291585,32
3839000,13132652,9293652,32
3840000,13135629,9295629,32
3841000,13138810,9297810,32
3842000,13142273,9300273,32
3843000,13145795,9302795,32
3844000,13149453,9305453,32
3845000,13153138,9308138,32
3846000,13156808,9310808,32
3847000,13160581,9313581,32
3848000,13164149,9316149,32
3849000,13167929,9318929,32
3850000,13171671,9321671,32
3851000,13175552,9324552,32
3852000,13179204,9327204,32
3853000,13182761,9329761,32
3854000,13186715,9332715,32
3855000,13190418,9335418,32
3856000,13194219,9338219,32
3857000,13198101,9341101,32
3858000,13201741,9343741,32
3859000,13205088,9346088,32
3860000,13208951,9348951,32
3861000,13212681,9351681,32
3862000,13216512,9354512,32
3863000,13220292,9357292,32
3864000,13224157,9360157,32
3865000,13227594,9362594,32
3866000,13230947,9364947,32
3867000,13234704,9367704,32
3868000,13238407,9370407,32
3869000,13242129,9373129,32
3870000,13245853,9375853,32
3871000,13249573,9378573,32
3872000,13252682,9380682,32
3873000,13256131,9383131,32
3874000,13259812,9385812,32
3875000,13263489,9388489,32
3876000,13267076,9391076,32
3877000,13270512,9393512,32
3878000,13273639,9395639,32
3879000,13277173,9398173,32
3880000,13280754,9400754,32
3881000,13284107,9403107,32
3882000,13287355,9405355,32
3883000,13290808,9407808,32
3884000,13294042,9410042,32
3885000,13297679,9412679,32
3886000,13301298,9415298,32
3887000,13304562,9417562,32
3888000,13307800,9419800,32
3889000,13311072,9422072,32
3890000,13314296,9424296,32
3891000,13317483,9426483,32
3892000,13320479,9428479,32
3893000,13323526,9430526,32
3894000,13326610,9432610,32
3895000,13329533,9434533,32
3896000,13332964,9436964,32
3897000,13336530,9439530,32
3898000,13340081,9442081,32
3899000,13343500,9444500,32
3900000,13346797,9446797,32
3901000,13349931,9448931,32
3902000,13352991,9450991,32
3903000,13356254,9453254,32
3904000,13360644,9456644,32
3905000,13364753,9459753,32
3906000,13368635,9462635,32
3907000,13372839,9465839,32
3908000,13377040,9469040,32
3909000,13380450,9471450,32
3910000,13383528,9473528,32
3911000,13386874,9475874,32
3912000,13390189,9478189,32
3913000,13393369,9480369,32
3914000,13396987,9482987,32
3915000,13400464,9485464,32
3916000,13403710,9487710,32
3917000,13406857,9489857,32
3918000,13410023,9492023,32
3919000,13413258,9494258,32
3920000,13416636,9496636,32
3921000,13420486,9499486,32
3922000,13424374,9502374,32
3923000,13428175,9505175,32
3924000,13431901,9507901,32
3925000,13435486,9510486,32
3926000,13438974,9512974,32
3927000,13442306,9515306,32
3928000,13445448,9517448,32
3929000,13448511,9519511,32
3930000,13451763,9521763,32
3931000,13454822,9523822,32
3932000,13458374,9526374,32
3933000,13461256,9528256,32
3934000,13464579,9530579,32
3935000,13467718,9532718,32
3936000,13470919,9534919,32
3937000,13473712,9536712,32
3938000,13476704,9538704,32
3939000,13480052,9541052,32
3940000,13483680,9543680,32
3941000,13487125,9546125,32
3942000,13490786,9548786,32
3943000,13494084,9551084,32
3944000,13497759,9553759,32
3945000,13501389,9556389,32
3946000,13504606,9558606,32
3947000,13508218,9561218,32
3948000,13511853,9563853,32
3949000,13515303,9566303,32
3950000,13518432,9568432,32
3951000,13522007,9571007,32
3952000,13525567,9573567,32
3953000,13528781,9575781,32
3954000,13532200,9578200,32
3955000,13535488,9580488,32
3956000,13539009,9583009,32
3957000,13542360,9585360,32
3958000,13545571,9587571,32
3959000,13548627,9589627,32
3960000,13552070,9592070,32
3961000,13555368,9594368,32
3962000,13558378,9596378,32
3963000,13561448,9598448,32
3964000,13564710,9600710,32
3965000,13567641,9602641,32
3966000,13570789,9604789,32
3967000,13573722,9606722,32
3968000,13576645,9608645,32
3969000,13580093,9611093,32
3970000,13583587,9613587,32
3971000,13587367,9616367,32
3972000,13590962,9618962,32
3973000,13594474,9621474,32
3974000,13598368,9624368,32
3975000,13602094,9627094,32
3976000,13605692,9629692,32
3977000,13609141,9632141,32
3978000,13612444,9634444,32
3979000,13615357,9636357,32
3980000,13618454,9638454,32
3981000,13621746,9640746,32
3982000,13625492,9643492,32
3983000,13628748,9645748,32
3984000,13632024,9648024,32
3985000,13635615,9650615,32
3986000,13639011,9653011,32
3987000,13642993,9655993,32
3988000,13646584,9658584,32
3989000,13650341,9661341,32
3990000,13653850,9663850,32
3991000,13656978,9665978,32
3992000,13660491,9668491,32
3993000,13664010,9671010,32
3994000,13667136,9673136,32
3995000,13669729,9674729,32
3996000,13672424,9676424,32
3997000,13676029,9679029,32
3998000,13679812,9681812,32
3999000,13683580,9684580,32
4000000,13687234,9687234,32
4001000,13690775,9689775,32
4002000,13694136,9692136,32
4003000,13697416,9694416,32
4004000,13700874,9696874,32
4005000,13704295,9699295,32
4006000,13708044,9702044,32
4007000,13711017,9704017,32
4008000,13714401,9706401,32
4009000,13717731,9708731,32
4010000,13721014,9711014,32
4011000,13724882,9713882,32
4012000,13728369,9716369,32
4013000,13731665,9718665,32
4014000,13735600,9721600,32
4015000,13739591,9724591,32
4016000,13743502,9727502,32
4017000,13747374,9730374,32
4018000,13750679,9732679,32
4019000,13754358,9735358,32
4020000,13758280,9738280,32
4021000,13762228,9741228,32
4022000,13765823,9743823,32
4023000,13768866,9745866,32
4024000,13771822,9747822,32
4025000,13775106,9750106,32
4026000,13778046,9752046,32
4027000,13781203,9754203,32
4028000,13784690,9756690,32
4029000,13788304,9759304,32
4030000,13791784,9761784,32
4031000,13795860,9764860,32
4032000,13799830,9767830,32
4033000,13803685,9770685,32
4034000,13807133,9773133,32
4035000,13809911,9774911,32
4036000,13812790,9776790,32
4037000,13816193,9779193,32
4038000,13819929,9781929,32
4039000,13823252,9784252,32
4040000,13826199,9786199,32
4041000,13829218,9788218,32
4042000,13832415,9790415,32
4043000,13836424,9793424,32
4044000,13840477,9796477,32
4045000,13844104,9799104,32
4046000,13847183,9801183,32
4047000,13849960,9802960,32
4048000,13853190,9805190,32
4049000,13856402,9807402,32
4050000,13859589,9809589,32
4051000,13862679,9811679,32
4052000,13865658,9813658,32
4053000,13868453,9815453,32
4054000,13872399,9818399,32
4055000,13875748,9820748,32
4056000,13879300,9823300,32
4057000,13883003,9826003,32
4058000,13886687,9828687,32
4059000,13890428,9831428,32
4060000,13894263,9834263,32
4061000,13897896,9836896,32
4062000,13901686,9839686,32
4063000,13905300,9842300,32
4064000,13909016,9845016,32
4065000,13912559,9847559,32
4066000,13916214,9850214,32
4067000,13919654,9852654,32
4068000,13923037,9855037,32
4069000,13926205,9857205,32
4070000,13929844,9859844,32
4071000,13933622,9862622,32
4072000,13937229,9865229,32
4073000,13940570,9867570,32
4074000,13944059,9870059,32
4075000,13947255,9872255,32
4076000,13950340,9874340,32
4077000,13953268,9876268,32
4078000,13956229,9878229,32
4079000,13959162,9880162,32
4080000,13962640,9882640,32
4081000,13965937,9884937,32
4082000,13969101,9887101,32
4083000,13972164,9889164,32
4084000,13975120,9891120,32
4085000,13977860,9892860,32
4086000,13980791,9894791,32
4087000,13983435,9896435,32
4088000,13986258,9898258,32
4089000,13988892,9899892,32
4090000,13991548,9901548,32
4091000,13994143,9903143,32
4092000,13996924,9904924,32
4093000,14000549,9907549,32
4094000,14004217,9910217,32
4095000,14007887,9912887,32
4096000,14011450,9915450,32
4097000,14014817,9917817,32
4098000,14018435,9920435,32
4099000,14021705,9922705,32
4100000,14025176,9925176,32
4101000,14028539,9927539,32
4102000,14031778,9929778,32
4103000,14034925,9931925,32
4104000,14039025,9935025,32
4105000,14042578,9937578,32
4106000,14045880,9939880,32
4107000,14048635,9941635,32
4108000,14051836,9943836,32
4109000,14054480,9945480,32
4110000,14058378,9948378,32
4111000,14062133,9951133,32
4112000,14065895,9953895,32
4113000,14069354,9956354,32
4114000,14072535,9958535,32
4115000,14075260,9960260,32
4116000,14078974,9962974,32
4117000,14082113,9965113,32
4118000,14084869,9966869,32
4119000,14087435,9968435,32
4120000,14090493,9970493,32
4121000,14093479,9972479,32
4122000,14097118,9975118,32
4123000,14100634,9977634,32
4124000,14104347,9980347,32
4125000,14107823,9982823,32
4126000,14111414,9985414,32
4127000,14114548,9987548,32
4128000,14117930,9989930,32
4129000,14120984,9991984,32
4130000,14124158,9994158,32
4131000,14127619,9996619,32
4132000,14131388,9999388,32
4133000,14135044,10002044,32
4134000,14138537,10004537,32
4135000,14142050,10007050,32
4136000,14145730,10009730,32
4137000,14149568,10012568,32
4138000,14153252,10015252,32
4139000,14156963,10017963,32
4140000,14160378,10020378,32
4141000,14164233,10023233,32
4142000,14167683,10025683,32
4143000,14171052,10028052,32
4144000,14174703,10030703,32
4145000,14178179,10033179,32
4146000,14181473,10035473,32
4147000,14184767,10037767,32
4148000,14188339,10040339,32
4149000,14191614,10042614,32
4150000,14194525,10044525,32
4151000,14197900,10046900,32
4152000,14201106,10049106,32
4153000,14204063,10051063,32
4154000,14207129,10053129,32
4155000,14210183,10055183,32
4156000,14213005,10057005,32
4157000,14215868,10058868,32
4158000,14218835,10060835,32
4159000,14221633,10062633,32
4160000,14224688,10064688,32
4161000,14228208,10067208,32
4162000,14231794,10069794,32
4163000,14235349,10072349,32
4164000,14238833,10074833,32
4165000,14242190,10077190,32
4166000,14245272,10079272,32
4167000,14248254,10081254,32
4168000,14251310,10083310,32
4169000,14254446,10085446,32
4170000,14257746,10087746,32
4171000,14261098,10090098,32
4172000,14264405,10092405,32
4173000,14267804,10094804,32
4174000,14271042,10097042,32
4175000,14274433,10099433,32
4176000,14277698,10101698,32
4177000,14281023,10104023,32
4178000,14284296,10106296,32
4179000,14287478,10108478,32
4180000,14290830,10110830,32
4181000,14293997,10112997,32
4182000,14297021,10115021,32
4183000,14300272,10117272,32
4184000,14303585,10119585,32
4185000,14307146,10122146,32
4186000,14310527,10124527,32
4187000,14313902,10126902,32
4188000,14317151,10129151,32
4189000,14320293,10131293,32
4190000,14323365,10133365,32
4191000,14327423,10136423,32
4192000,14331763,10139763,32
4193000,14335677,10142677,32
4194000,14339115,10145115,32
4195000,14342426,10147426,32
4196000,14345453,10149453,32
4197000,14348710,10151710,32
4198000,14351918,10153918,32
4199000,14355269,10156269,32
4200000,14358430,10158430,32
4201000,14361645,10160645,32
4202000,14364800,10162800,32
4203000,14368569,10165569,32
4204000,14372407,10168407,32
4205000,14375736,10170736,32
4206000,14378657,10172657,32
4207000,14380888,10173888,32
4208000,14383827,10175827,32
4209000,14386757,10177757,32
4210000,14390105,10180105,32
4211000,14393200,10182200,32
4212000,14396239,10184239,32
4213000,14399531,10186531,32
4214000,14403324,10189324,32
4215000,14407215,10192215,32
4216000,14411090,10195090,32
4217000,14414878,10197878,32
4218000,14418501,10200501,32
4219000,14421866,10202866,32
4220000,14425840,10205840,32
4221000,14429412,10208412,32
4222000,14432335,10210335,32
4223000,14435441,10212441,32
4224000,14438703,10214703,32
4225000,14442171,10217171,32
4226000,14445557,10219557,32
4227000,14448935,10221935,32
4228000,14452333,10224333,32
4229000,14455658,10226658,32
4230000,14458651,10228651,32
4231000,14462705,10231705,32
4232000,14466741,10234741,32
4233000,14470579,10237579,32
4234000,14474437,10240437,32
4235000,14478284,10243284,32
4236000,14481818,10245818,32
4237000,14485409,10248409,32
4238000,14488798,10250798,32
4239000,14492061,10253061,32
4240000,14495157,10255157,32
4241000,14497979,10256979,32
4242000,14501425,10259425,32
4243000,14504446,10261446,32
4244000,14507934,10263934,32
4245000,14510858,10265858,32
4246000,14513908,10267908,32
4247000,14517149,10270149,32
4248000,14521214,10273214,32
4249000,14524540,10275540,32
4250000,14528158,10278158,32
4251000,14531874,10280874,32
4252000,14535460,10283460,32
4253000,14539205,10286205,32
4254000,14542538,10288538,32
4255000,14546380,10291380,32
4256000,14550090,10294090,32
4257000,14553179,10296179,32
4258000,14557033,10299033,32
4259000,14560810,10301810,32
4260000,14564013,10304013,32
4261000,14567318,10306318,32
4262000,14571000,10309000,32
4263000,14574612,10311612,32
4264000,14577561,10313561,32
4265000,14580993,10315993,32
4266000,14584473,10318473,32
4267000,14587794,10320794,32
4268000,14590853,10322853,32
4269000,14594220,10325220,32
4270000,14597289,10327289,32
4271000,14600623,10329623,32
4272000,14603797,10331797,32
4273000,14606791,10333791,32
4274000,14610210,10336210,32
4275000,14613352,10338352,32
4276000,14616405,10340405,32
4277000,14619410,10342410,32
4278000,14622654,10344654,32
4279000,14625794,10346794,32
4280000,14629054,10349054,32
4281000,14632557,10351557,32
4282000,14635652,10353652,32
4283000,14638494,10355494,32
4284000,14641411,10357411,32
4285000,14644547,10359547,32
4286000,14647344,10361344,32
4287000,14650595,10363595,32
4288000,14653512,10365512,32
4289000,14656363,10367363,32
4290000,14659606,10369606,32
4291000,14662914,10371914,32
4292000,14666029,10374029,32
4293000,14669124,10376124,32
4294000,14672789,10378789,32
4295000,14676124,10381124,32
4296000,14679212,10383212,32
4297000,14682297,10385297,32
4298000,14685944,10387944,32
4299000,14688939,10389939,32
4300000,14692553,10392553,32
4301000,14695631,10394631,32
4302000,14698793,10396793,32
4303000,14702147,10399147,32
4304000,14705033,10401033,32
4305000,14708609,10403609,32
4306000,14712227,10406227,32
4307000,14715905,10408905,32
4308000,14719595,10411595,32
4309000,14723126,10414126,32
4310000,14726544,10416544,32
4311000,14730052,10419052,32
4312000,14733271,10421271,32
4313000,14736398,10423398,32
4314000,14739349,10425349,32
4315000,14742386,10427386,32
4316000,14746298,10430298,32
4317000,14750288,10433288,32
4318000,14754300,10436300,32
4319000,14758179,10439179,32
4320000,14761743,10441743,32
4321000,14765671,10444671,32
4322000,14769217,10447217,32
4323000,14772479,10449479,32
4324000,14775504,10451504,32
4325000,14779351,10454351,32
4326000,14782891,10456891,32
4327000,14786126,10459126,32
4328000,14789231,10461231,32
4329000,14792494,10463494,32
4330000,14795879,10465879,32
4331000,14799002,10468002,32
4332000,14802026,10470026,32
4333000,14804909,10471909,32
4334000,14807538,10473538,32
4335000,14810497,10475497,32
4336000,14813735,10477735,32
4337000,14816724,10479724,32
4338000,14819756,10481756,32
4339000,14823025,10484025,32
4340000,14826108,10486108,32
4341000,14829375,10488375,32
4342000,14832175,10490175,32
4343000,14836093,10493093,32
4344000,14839596,10495596,32
4345000,14843062,10498062,32
4346000,14846252,10500252,32
4347000,14849113,10502113,32
4348000,14851958,10503958,32
4349000,14855147,10506147,32
4350000,14858175,10508175,32
4351000,14861101,10510101,32
4352000,14863890,10511890,32
4353000,14866509,10513509,32
4354000,14869466,10515466,32
4355000,14872598,10517598,32
4356000,14875662,10519662,32
4357000,14879564,10522564,32
4358000,14883580,10525580,32
4359000,14887444,10528444,32
4360000,14890694,10530694,32
4361000,14893779,10532779,32
4362000,14896815,10534815,32
4363000,14899706,10536706,32
4364000,14902591,10538591,32
4365000,14905503,10540503,32
4366000,14908434,10542434,32
4367000,14911447,10544447,32
4368000,14914576,10546576,32
4369000,14918090,10549090,32
4370000,14921453,10551453,32
4371000,14924552,10553552,32
4372000,14927566,10555566,32
4373000,14930783,10557783,32
4374000,14934102,10560102,32
4375000,14937326,10562326,32
4376000,14940529,10564529,32
4377000,14943997,10566997,32
4378000,14947217,10569217,32
4379000,14950045,10571045,32
4380000,14953003,10573003,32
4381000,14956135,10575135,32
4382000,14959708,10577708,32
4383000,14963294,10580294,32
4384000,14966808,10582808,32
4385000,14970153,10585153,32
4386000,14973454,10587454,32
4387000,14976574,10589574,32
4388000,14979599,10591599,32
4389000,14982441,10593441,32
4390000,14985120,10595120,32
4391000,14988309,10597309,32
4392000,14991581,10599581,32
4393000,14994653,10601653,32
4394000,14997632,10603632,32
4395000,15000902,10605902,32
4396000,15004158,10608158,32
4397000,15007079,10610079,32
4398000,15010662,10612662,32
4399000,15014231,10615231,32
4400000,15017839,10617839,32
4401000,15021369,10620369,32
4402000,15024815,10622815,32
4403000,15028213,10625213,32
4404000,15031634,10627634,32
4405000,15035068,10630068,32
4406000,15038384,10632384,32
4407000,15041259,10634259,32
4408000,15044209,10636209,32
4409000,15047086,10638086,32
4410000,15049936,10639936,32
4411000,15052966,10641966,32
4412000,15056480,10644480,32
4413000,15059458,10646458,32
4414000,15062548,10648548,32
4415000,15065902,10650902,32
4416000,15069371,10653371,32
4417000,15072673,10655673,32
4418000,15075830,10657830,32
4419000,15078830,10659830,32
4420000,15081655,10661655,32
4421000,15084691,10663691,32
4422000,15087579,10665579,32
4423000,15091614,10668614,32
4424000,15095079,10671079,32
4425000,15098118,10673118,32
4426000,15101221,10675221,32
4427000,15104317,10677317,32
4428000,15107307,10679307,32
4429000,15110334,10681334,32
4430000,15113511,10683511,32
4431000,15116553,10685553,32
4432000,15119859,10687859,32
4433000,15122938,10689938,32
4434000,15125999,10691999,32
4435000,15129165,10694165,32
4436000,15132420,10696420,32
4437000,15135630,10698630,32
4438000,15138994,10700994,32
4439000,15142372,10703372,32
4440000,15145534,10705534,32
4441000,15149012,10708012,32
4442000,15152131,10710131,32
4443000,15155445,10712445,32
4444000,15158953,10714953,32
4445000,15161922,10716922,32
4446000,15165200,10719200,32
4447000,15168293,10721293,32
4448000,15171440,10723440,32
4449000,15174377,10725377,32
4450000,15177101,10727101,32
4451000,15180562,10729562,32
4452000,15184117,10732117,32
4453000,15187628,10734628,32
4454000,15191236,10737236,32
4455000,15194680,10739680,32
4456000,15198099,10742099,32
4457000,15201455,10744455,32
4458000,15204635,10746635,32
4459000,15207559,10748559,32
4460000,15211025,10751025,32
4461000,15214852,10753852,32
4462000,15218560,10756560,32
4463000,15222188,10759188,32
4464000,15225680,10761680,32
4465000,15229041,10764041,32
4466000,15232060,10766060,32
4467000,15235175,10768175,32
4468000,15238339,10770339,32
4469000,15241312,10772312,32
4470000,15244045,10774045,32
4471000,15246886,10775886,32
4472000,15249971,10777971,32
4473000,15252921,10779921,32
4474000,15255930,10781930,32
4475000,15259245,10784245,32
4476000,15262264,10786264,32
4477000,15266164,10789164,32
4478000,15269279,10791279,32
4479000,15272162,10793162,32
4480000,15275044,10795044,32
4481000,15278112,10797112,32
4482000,15281678,10799678,32
4483000,15285018,10802018,32
4484000,15288090,10804090,32
4485000,15291018,10806018,32
4486000,15293778,10807778,32
4487000,15296534,10809534,32
4488000,15299475,10811475,32
4489000,15302890,10813890,32
4490000,15306256,10816256,32
4491000,15309847,10818847,32
4492000,15313498,10821498,32
4493000,15316431,10823431,32
4494000,15319615,10825615,32
4495000,15322719,10827719,32
4496000,15326058,10830058,32
4497000,15329122,10832122,32
4498000,15332156,10834156,32
4499000,15335189,10836189,32
4500000,15338293,10838293,32
4501000,15341575,10840575,32
4502000,15344992,10842992,32
4503000,15348489,10845489,32
4504000,15352002,10848002,32
4505000,15355614,10850614,32
4506000,15359208,10853208,32
4507000,15362779,10855779,32
4508000,15366484,10858484,32
4509000,15370127,10861127,32
4510000,15373656,10863656,32
4511000,15377431,10866431,32
4512000,15381034,10869034,32
4513000,15384676,10871676,32
4514000,15388329,10874329,32
4515000,15391930,10876930,32
4516000,15395684,10879684,32
4517000,15399198,10882198,32
4518000,15403008,10885008,32
4519000,15406546,10887546,32
4520000,15410264,10890264,32
4521000,15413669,10892669,32
4522000,15417422,10895422,32
4523000,15420936,10897936,32
4524000,15424493,10900493,32
4525000,15428046,10903046,32
4526000,15431570,10905570,32
4527000,15435011,10908011,32
4528000,15438598,10910598,32
4529000,15441837,10912837,32
4530000,15445163,10915163,32
4531000,15448362,10917362,32
4532000,15451151,10919151,32
4533000,15454171,10921171,32
4534000,15457737,10923737,32
4535000,15460684,10925684,32
4536000,15463619,10927619,32
4537000,15466618,10929618,32
4538000,15469808,10931808,32
4539000,15473236,10934236,32
4540000,15476373,10936373,32
4541000,15479684,10938684,32
4542000,15482674,10940674,32
4543000,15485698,10942698,32
4544000,15488751,10944751,32
4545000,15491655,10946655,32
4546000,15494748,10948748,32
4547000,15498047,10951047,32
4548000,15501109,10953109,32
4549000,15503876,10954876,32
4550000,15506702,10956702,32
4551000,15509390,10958390,32
4552000,15512124,10960124,32
4553000,15514908,10961908,32
4554000,15517731,10963731,32
4555000,15520583,10965583,32
4556000,15523475,10967475,32
4557000,15526329,10969329,32
4558000,15529085,10971085,32
4559000,15531813,10972813,32
4560000,15534938,10974938,32
4561000,15537805,10976805,32
4562000,15540638,10978638,32
4563000,15543627,10980627,32
4564000,15546541,10982541,32
4565000,15549384,10984384,32
4566000,15552212,10986212,32
4567000,15555338,10988338,32
4568000,15558689,10990689,32
4569000,15562149,10993149,32
4570000,15565697,10995697,32
4571000,15569297,10998297,32
4572000,15572882,11000882,32
4573000,15576313,11003313,32
4574000,15579027,11005027,32
4575000,15582236,11007236,32
4576000,15585545,11009545,32
4577000,15588475,11011475,32
4578000,15591017,11013017,32
4579000,15594761,11015761,32
4580000,15598414,11018414,32
4581000,15602172,11021172,32
4582000,15606040,11024040,32
4583000,15609626,11026626,32
4584000,15613415,11029415,32
4585000,15617093,11032093,32
4586000,15620133,11034133,32
4587000,15623091,11036091,32
4588000,15626243,11038243,32
4589000,15629671,11040671,32
4590000,15632296,11042296,32
4591000,15635629,11044629,32
4592000,15639636,11047636,32
4593000,15643755,11050755,32
4594000,15647830,11053830,32
4595000,15651824,11056824,32
4596000,15655697,11059697,32
4597000,15658855,11061855,32
4598000,15661864,11063864,32
4599000,15665064,11066064,32
4600000,15667469,11067469,32
4601000,15670623,11069623,32
4602000,15673420,11071420,32
4603000,15676512,11073512,32
4604000,15679948,11075948,32
4605000,15683115,11078115,32
4606000,15685948,11079948,32
4607000,15689405,11082405,32
4608000,15692726,11084726,32
4609000,15696031,11087031,32
4610000,15698941,11088941,32
4611000,15702042,11091042,32
4612000,15705109,11093109,32
4613000,15708181,11095181,32
4614000,15711132,11097132,32
4615000,15713739,11098739,32
4616000,15717070,11101070,32
4617000,15720081,11103081,32
4618000,15722712,11104712,32
4619000,15725610,11106610,32
4620000,15728173,11108173,32
4621000,15730736,11109736,32
4622000,15733292,11111292,32
4623000,15735712,11112712,32
4624000,15738196,11114196,32
4625000,15740797,11115797,32
4626000,15744066,11118066,32
4627000,15747223,11120223,32
4628000,15750423,11122423,32
4629000,15753429,11124429,32
4630000,15756566,11126566,32
4631000,15759766,11128766,32
4632000,15762974,11130974,32
4633000,15766314,11133314,32
4634000,15769464,11135464,32
4635000,15772305,11137305,32
4636000,15775567,11139567,32
4637000,15778942,11141942,32
4638000,15782052,11144052,32
4639000,15785113,11146113,32
4640000,15788004,11148004,32
4641000,15791337,11150337,32
4642000,15794287,11152287,32
4643000,15797620,11154620,32
4644000,15800883,11156883,32
4645000,15804216,11159216,32
4646000,15807413,11161413,32
4647000,15810482,11163482,32
4648000,15813977,11165977,32
4649000,15816962,11167962,32
4650000,15820172,11170172,32
4651000,15823440,11172440,32
4652000,15826144,11174144,32
4653000,15829747,11176747,32
4654000,15833453,11179453,32
4655000,15836192,11181192,32
4656000,15838878,11182878,32
4657000,15841787,11184787,32
4658000,15844360,11186360,32
4659000,15847245,11188245,32
4660000,15850061,11190061,32
4661000,15852764,11191764,32
4662000,15855482,11193482,32
4663000,15858115,11195115,32
4664000,15860984,11196984,32
4665000,15864053,11199053,32
4666000,15867221,11201221,32
4667000,15870199,11203199,32
4668000,15873478,11205478,32
4669000,15876527,11207527,32
4670000,15879442,11209442,32
4671000,15882323,11211323,32
4672000,15885731,11213731,32
4673000,15889316,11216316,32
4674000,15893220,11219220,32
4675000,15896888,11221888,32
4676000,15899947,11223947,32
4677000,15902847,11225847,32
4678000,15905558,11227558,32
4679000,15908515,11229515,32
4680000,15911331,11231331,32
4681000,15914074,11233074,32
4682000,15917136,11235136,32
4683000,15920179,11237179,32
4684000,15923119,11239119,32
4685000,15925719,11240719,32
4686000,15929181,11243181,32
4687000,15932366,11245366,32
4688000,15935338,11247338,32
4689000,15938236,11249236,32
4690000,15941961,11251961,32
4691000,15945942,11254942,32
4692000,15949683,11257683,32
4693000,15953530,11260530,32
4694000,15957228,11263228,32
4695000,15960738,11265738,32
4696000,15964037,11268037,32
4697000,15967263,11270263,32
4698000,15970388,11272388,32
4699000,15973419,11274419,32
4700000,15976375,11276375,32
4701000,15979497,11278497,32
4702000,15982477,11280477,32
4703000,15985314,11282314,32
4704000,15987783,11283783,32
4705000,15991459,11286459,32
4706000,15994840,11288840,32
4707000,15997830,11290830,32
4708000,16000897,11292897,32
4709000,16003685,11294685,32
4710000,16006713,11296713,32
4711000,16009771,11298771,32
4712000,16013145,11301145,32
4713000,16016190,11303190,32
4714000,16018703,11304703,32
4715000,16021391,11306391,32
4716000,16024545,11308545,32
4717000,16027090,11310090,32
4718000,16029725,11311725,32
4719000,16032935,11313935,32
4720000,16036131,11316131,32
4721000,16038919,11317919,32
4722000,16041618,11319618,32
4723000,16044495,11321495,32
4724000,16047422,11323422,32
4725000,16050408,11325408,32
4726000,16053159,11327159,32
4727000,16055997,11328997,32
4728000,16058470,11330470,32
4729000,16061361,11332361,32
4730000,16064206,11334206,32
4731000,16067513,11336513,32
4732000,16070227,11338227,32
4733000,16073122,11340122,32
4734000,16075738,11341738,32
4735000,16078431,11343431,32
4736000,16081208,11345208,32
4737000,16085159,11348159,32
4738000,16089133,11351133,32
4739000,16091835,11352835,32
4740000,16094630,11354630,32
4741000,16097111,11356111,32
4742000,16100226,11358226,32
4743000,16103236,11360236,32
4744000,16105921,11361921,32
4745000,16108625,11363625,32
4746000,16111473,11365473,32
4747000,16114515,11367515,32
4748000,16118593,11370593,32
4749000,16122496,11373496,32
4750000,16126242,11376242,32
4751000,16129703,11378703,32
4752000,16132523,11380523,32
4753000,16135455,11382455,32
4754000,16138586,11384586,32
4755000,16141640,11386640,32
4756000,16144371,11388371,32
4757000,16147551,11390551,32
4758000,16150682,11392682,32
4759000,16153943,11394943,32
4760000,16156810,11396810,32
4761000,16160001,11399001,32
4762000,16163464,11401464,32
4763000,16166834,11403834,32
4764000,16170401,11406401,32
4765000,16173546,11408546,32
4766000,16176226,11410226,32
4767000,16178932,11411932,32
4768000,16181752,11413752,32
4769000,16184788,11415788,32
4770000,16187993,11417993,32
4771000,16191130,11420130,32
4772000,16194063,11422063,32
4773000,16197067,11424067,32
4774000,16199778,11425778,32
4775000,16202569,11427569,32
4776000,16205737,11429737,32
4777000,16208293,11431293,32
4778000,16211081,11433081,32
4779000,16214095,11435095,32
4780000,16217114,11437114,32
4781000,16219788,11438788,32
4782000,16222520,11440520,32
4783000,16225427,11442427,32
4784000,16228019,11444019,32
4785000,16230732,11445732,32
4786000,16233982,11447982,32
4787000,16237162,11450162,32
4788000,16240061,11452061,32
4789000,16243071,11454071,32
4790000,16246053,11456053,32
4791000,16249187,11458187,32
4792000,16251917,11459917,32
4793000,16254919,11461919,32
4794000,16257971,11463971,32
4795000,16261315,11466315,32
4796000,16264787,11468787,32
4797000,16268270,11471270,32
4798000,16271889,11473889,32
4799000,16275485,11476485,32
4800000,16279007,11479007,32
4801000,16282808,11481808,32
4802000,16286600,11484600,32
4803000,16290246,11487246,32
4804000,16293713,11489713,32
4805000,16297613,11492613,32
4806000,16301607,11495607,32
4807000,16305172,11498172,32
4808000,16308677,11500677,32
4809000,16312415,11503415,32
4810000,16316300,11506300,32
4811000,16320154,11509154,32
4812000,16323799,11511799,32
4813000,16327290,11514290,32
4814000,16331136,11517136,32
4815000,16334966,11519966,32
4816000,16338583,11522583,32
4817000,16342178,11525178,32
4818000,16345929,11527929,32
4819000,16349648,11530648,32
4820000,16353235,11533235,32
4821000,16356916,11535916,32
4822000,16360500,11538500,32
4823000,16364080,11541080,32
